Temperature_°C,Humidity_,Pressure_hPa,Wind_Speed_kmh,Rainfall_mm,Elevation_m,Distance_to_River_km,Population_Density,Water_Level_m,River_Discharge_ms,Historical_Events,Latitude,Longitude,Seismic_Activity,Slope_Angle,Infrastructure,Land_Cover,Soil_Type,Season,Landslide_Risk
28.97,81.24,1010.23,9.13,0.85,311.99,0.12,13006.02,5.01,356.96,5,62.0119,-179.7196,0.45,32.49,Good,Agricultural,Loam,Spring,1
5.49,33.27,1025.07,36.4,1.32,181.21,1.93,5798.68,7.87,238.71,4,-51.5433,161.5988,4.86,7.67,Good,Agricultural,Sand,Spring,0
16.83,64.66,1009.76,0.35,12.0,517.56,2.17,4744.5,4.4,277.89,5,-1.532,-37.7459,0.25,37.9,Good,Agricultural,Sand,Monsoon,0
27.11,71.07,1045.84,33.6,4.67,552.0,0.7,2562.48,0.62,217.47,0,46.01,74.4686,1.59,0.25,Medium,Agricultural,Clay,Summer,0
27.65,53.16,1032.51,0.66,1.86,650.37,2.62,9599.61,7.15,241.39,4,33.8248,-95.0454,7.77,38.2,Poor,Urban,Loam,Spring,0
26.2,63.28,1010.73,8.28,5.95,278.66,1.85,8143.63,2.02,472.0,6,60.8607,110.9233,2.32,7.25,Medium,Agricultural,Loam,Spring,0
35.97,92.73,1016.51,3.83,0.58,455.87,1.11,12288.42,6.96,13.41,7,30.0167,-83.0116,4.27,21.82,Poor,Urban,Clay,Monsoon,0
24.88,47.28,1012.45,11.92,6.23,296.17,12.19,4075.04,7.82,211.41,6,-28.857,-127.8378,2.23,40.87,Medium,Water,Clay,Monsoon,1
31.33,55.74,994.81,10.01,5.02,1071.55,0.19,12546.01,2.91,101.39,2,-57.8436,4.3535,4.73,30.49,Poor,Agricultural,Clay,Monsoon,1
18.73,94.73,1006.56,20.98,1.49,1319.97,3.4,8372.49,4.47,128.51,4,-15.9261,-54.2846,7.2,28.49,Medium,Agricultural,Loam,Winter,0
26.81,30.64,1029.95,1.07,5.45,10.12,0.35,8276.13,5.69,329.46,8,4.2062,-115.6238,1.41,0.81,Medium,Agricultural,Loam,Summer,0
43.19,47.53,1015.94,8.91,19.29,973.48,4.73,6572.48,3.13,326.1,0,-23.4996,-171.2463,1.56,32.51,Medium,Urban,Rock,Winter,0
24.01,97.67,1027.81,33.14,9.59,588.9,0.97,12781.94,2.88,93.05,8,60.9022,-154.6502,3.16,37.99,Poor,Agricultural,Sand,Summer,0
32.06,39.56,1004.01,12.34,4.02,593.02,1.09,3917.48,5.09,49.98,6,24.4953,72.7081,4.01,35.92,Medium,Agricultural,Sand,Summer,1
21.12,62.59,1014.64,7.82,1.69,1181.67,0.06,656.49,6.67,186.49,4,-31.9433,44.2406,4.18,34.65,Poor,Urban,Sand,Monsoon,0
8.8,85.66,1016.73,3.16,2.89,156.91,0.05,14443.46,6.77,351.03,4,-2.4942,-93.6766,0.47,41.18,Poor,Urban,Rock,Monsoon,0
18.7,81.1,1051.47,0.49,4.17,317.29,0.26,5194.01,1.19,56.14,3,39.2374,110.4887,1.4,0.77,Medium,Forest,Loam,Spring,0
22.4,31.07,1023.49,27.1,3.48,1078.75,2.3,9276.18,7.58,472.68,3,23.6275,-15.029,4.6,17.47,Medium,Water,Sand,Winter,0
27.25,34.98,1000.55,3.84,9.32,46.54,3.37,4299.64,1.39,351.4,7,-23.3355,-116.1218,5.88,36.16,Medium,Agricultural,Rock,Summer,0
19.65,95.15,1036.24,19.55,2.8,1501.74,2.81,1636.55,7.27,257.57,8,-9.4038,-176.0984,2.56,40.3,Good,Urban,Sand,Winter,0
40.3,61.39,1034.3,3.47,1.99,1345.04,2.79,11894.53,6.42,54.69,9,-52.7367,85.3328,7.79,44.82,Medium,Agricultural,Rock,Monsoon,0
25.44,59.83,1014.2,2.52,2.53,1783.79,0.32,7748.56,2.25,294.84,0,58.0002,33.0799,7.04,10.65,Medium,Agricultural,Sand,Summer,0
18.67,60.41,989.56,2.93,2.6,1142.95,2.7,11531.2,6.67,374.66,2,-11.2668,-77.1436,4.67,43.3,Good,Urban,Rock,Spring,0
26.79,35.17,1013.25,8.07,17.42,1046.2,1.99,10466.66,3.91,317.5,5,58.9831,165.1329,3.07,33.17,Poor,Urban,Clay,Summer,1
15.33,46.06,1044.78,3.09,2.23,519.9,1.21,581.51,2.6,211.49,2,34.3435,40.8295,6.58,42.74,Medium,Water,Loam,Spring,1
34.44,99.11,1003.62,1.63,4.51,761.78,7.01,12647.57,6.79,239.66,2,-50.2033,69.0172,1.07,0.62,Medium,Agricultural,Rock,Monsoon,0
19.85,46.88,1040.12,2.29,1.45,549.46,0.46,13185.49,6.18,32.98,7,1.9074,119.2937,0.18,22.42,Medium,Agricultural,Rock,Spring,0
20.49,59.44,1063.79,15.36,5.1,1610.09,4.67,9297.23,7.85,307.96,1,57.5406,-54.628,3.14,19.69,Medium,Agricultural,Sand,Monsoon,0
24.88,48.08,1028.93,6.15,19.57,985.24,0.8,9537.67,2.3,47.17,8,-7.9609,71.1603,3.68,26.31,Poor,Agricultural,Sand,Winter,0
25.61,45.67,1020.06,17.25,2.12,695.24,0.06,8275.86,4.51,184.44,1,-18.1942,-146.7754,1.03,14.85,Medium,Agricultural,Sand,Spring,0
26.45,99.04,997.5,7.69,12.89,472.23,2.85,8015.86,5.9,40.55,7,49.7773,89.8618,1.06,30.92,Poor,Agricultural,Sand,Summer,0
18.83,69.48,1024.52,18.37,0.47,1070.67,0.53,5209.61,4.05,184.0,8,9.8239,31.2628,3.99,3.91,Medium,Forest,Clay,Summer,0
32.41,54.93,1051.19,43.06,4.65,474.45,0.21,2377.6,2.34,88.73,7,8.1865,-32.2571,7.17,3.61,Good,Urban,Sand,Winter,0
20.39,41.96,1028.11,11.05,13.25,1113.53,1.7,4271.69,6.27,101.65,5,35.7121,10.7424,5.69,8.98,Medium,Agricultural,Clay,Monsoon,0
32.06,55.85,979.3,6.06,3.98,1097.84,0.45,10300.12,1.16,78.02,8,1.3049,-31.7373,6.08,26.8,Medium,Water,Loam,Winter,0
26.36,42.69,1014.79,0.69,6.76,1148.95,3.69,2182.61,6.46,108.8,2,26.4756,8.3036,1.31,36.66,Medium,Agricultural,Sand,Winter,0
19.59,51.1,968.39,13.77,3.49,464.43,4.6,5819.98,4.58,454.17,2,-16.7339,82.9977,4.34,19.42,Medium,Urban,Loam,Summer,0
31.63,84.5,1033.2,1.54,1.14,1428.13,1.36,11344.07,1.27,272.88,3,5.2975,14.3498,3.66,27.18,Medium,Forest,Loam,Spring,0
38.65,71.93,1023.34,17.53,15.98,685.05,0.52,6411.59,2.66,311.33,9,19.4891,-173.4803,4.69,22.76,Good,Water,Loam,Monsoon,0
18.68,70.34,1022.43,9.33,2.76,1472.89,5.45,13890.97,3.88,65.49,4,48.8738,-60.4273,1.32,8.38,Medium,Urban,Loam,Summer,0
29.93,72.26,1000.39,1.21,2.68,1727.04,5.13,7038.93,4.11,460.04,2,-38.4833,-167.8035,1.99,25.99,Medium,Agricultural,Clay,Spring,1
28.56,62.13,1013.28,8.15,9.85,1070.14,0.41,4563.98,2.82,204.69,2,-33.3318,-111.3524,1.68,40.41,Poor,Forest,Loam,Spring,0
36.11,60.85,959.81,5.12,4.1,310.48,0.4,12940.61,7.6,192.92,9,44.0975,172.4153,7.18,23.7,Good,Agricultural,Sand,Monsoon,0
25.2,71.65,984.78,4.14,4.21,1774.92,1.63,10840.12,6.54,494.48,7,62.7733,-129.2105,6.45,43.32,Medium,Urban,Clay,Monsoon,1
27.64,79.28,1030.4,24.15,4.9,671.73,3.49,5509.58,0.76,417.02,4,-3.3036,-73.9923,3.28,24.84,Good,Agricultural,Clay,Winter,1
25.91,59.76,1016.01,0.23,1.56,1083.27,2.01,3942.53,1.55,419.12,3,29.8588,65.9462,1.06,40.53,Good,Forest,Loam,Summer,1
24.45,80.41,961.44,1.13,0.75,527.37,0.62,11009.55,2.38,320.22,4,-5.5598,-42.0701,1.4,41.15,Medium,Urban,Clay,Monsoon,0
13.53,57.25,1024.62,3.41,2.2,1438.09,0.71,8539.43,4.07,335.2,5,-24.9115,14.3434,1.08,21.77,Poor,Agricultural,Loam,Winter,0
21.16,54.11,1058.97,4.33,2.66,1409.85,1.82,6949.25,1.07,48.11,2,-13.0734,-147.0305,2.18,26.56,Good,Urban,Rock,Summer,0
33.52,81.26,1015.39,16.43,5.38,1384.55,3.78,3820.05,4.17,118.39,9,-54.2585,31.775,0.41,30.15,Good,Forest,Sand,Summer,0
18.45,38.07,1025.31,5.48,7.93,1490.13,0.11,6881.64,4.42,325.83,7,-49.9961,70.664,1.84,5.43,Medium,Agricultural,Clay,Summer,0
19.8,73.81,1033.87,21.71,4.78,465.92,0.05,13064.47,0.66,438.6,1,69.7314,-53.7437,7.51,35.95,Medium,Forest,Sand,Monsoon,0
11.55,81.63,977.83,2.73,0.59,709.24,0.68,4514.99,2.25,30.63,0,-45.7692,-39.0131,7.28,2.03,Poor,Water,Loam,Summer,0
31.65,99.24,1017.15,13.6,0.34,803.16,3.64,3535.48,6.73,68.97,1,64.4451,117.4341,3.07,1.65,Good,Agricultural,Clay,Monsoon,0
11.41,66.07,1016.55,6.76,28.05,1794.87,1.24,9381.77,6.11,27.08,3,54.0699,-84.384,4.64,4.12,Poor,Agricultural,Rock,Winter,0
30.27,36.09,1053.2,5.25,2.33,519.51,2.57,7488.55,1.11,117.89,4,54.7778,5.7884,7.93,2.77,Good,Forest,Loam,Monsoon,0
26.26,90.77,1047.63,2.81,0.86,320.8,0.81,3656.48,7.48,61.86,5,64.971,-12.4308,1.51,39.67,Good,Urban,Loam,Spring,0
18.51,43.52,1030.25,0.88,1.98,1119.69,0.25,5712.76,0.57,411.15,5,-3.8087,122.4437,2.27,0.83,Medium,Urban,Loam,Winter,0
28.92,79.6,1000.92,6.42,0.3,149.39,3.83,14853.21,5.57,228.52,2,-51.4686,115.7447,4.76,17.26,Medium,Agricultural,Clay,Spring,0
30.43,37.15,1012.04,19.26,3.74,1651.84,0.71,12615.21,6.3,122.73,2,-3.7965,159.7017,7.61,6.8,Medium,Agricultural,Sand,Summer,0
32.18,46.1,1008.87,2.4,0.16,1303.33,0.92,12978.94,4.05,484.41,8,40.2198,124.122,6.95,34.95,Medium,Agricultural,Clay,Spring,1
34.99,63.71,1022.83,1.25,0.67,1371.13,1.13,3087.82,4.19,41.46,5,-3.6779,174.3665,2.61,26.56,Poor,Forest,Loam,Summer,0
32.21,82.99,1038.49,30.5,11.92,1448.57,2.77,2274.24,1.27,289.74,5,12.7543,-176.4825,4.95,31.61,Medium,Forest,Clay,Summer,0
23.57,39.29,998.36,8.38,5.85,1601.17,0.45,2595.49,1.28,321.85,2,20.1586,40.6599,7.17,26.76,Poor,Water,Rock,Monsoon,0
22.32,76.26,1061.27,8.05,4.55,1567.67,1.31,707.24,1.73,224.92,1,-39.2592,133.8421,0.48,11.12,Poor,Water,Sand,Spring,0
24.81,68.88,1055.85,12.7,1.3,1992.67,7.36,9789.85,2.0,343.31,5,0.141,132.5781,0.25,11.6,Medium,Agricultural,Sand,Summer,0
26.8,60.7,1033.94,12.92,3.33,1746.85,4.62,6383.64,2.58,300.25,5,0.5557,120.9593,2.87,17.27,Poor,Agricultural,Sand,Monsoon,0
26.85,58.91,966.51,0.72,2.87,194.79,1.04,8934.48,4.85,334.68,6,66.0236,-87.072,1.31,17.6,Medium,Urban,Loam,Spring,0
12.55,35.14,1007.55,1.86,3.67,674.01,3.53,6520.22,2.37,312.4,0,-10.6834,37.9937,2.02,16.17,Medium,Forest,Loam,Monsoon,0
26.39,67.79,1034.79,0.35,21.6,245.94,0.53,870.28,5.3,120.1,4,5.9405,-165.0338,7.47,14.23,Poor,Water,Rock,Spring,0
32.33,61.83,1019.93,7.25,3.36,1333.73,0.3,546.61,2.81,355.29,9,-35.5146,83.0986,5.86,7.31,Poor,Urban,Rock,Summer,0
24.59,31.23,1016.93,2.8,8.89,1729.22,2.93,1785.34,6.47,460.15,0,-8.7976,54.4439,1.73,29.65,Poor,Agricultural,Rock,Spring,0
33.04,84.77,1007.95,8.37,6.71,1757.03,1.04,4972.79,5.51,405.84,1,52.9571,-44.758,7.02,14.27,Poor,Agricultural,Sand,Monsoon,0
8.84,68.39,1034.43,9.08,3.94,888.84,0.03,8847.22,1.76,324.86,1,52.2334,6.8694,3.71,17.09,Medium,Urban,Sand,Summer,0
33.18,72.55,1061.8,14.48,8.38,1436.25,6.23,371.67,1.97,13.71,4,60.5145,-158.3037,7.18,10.96,Good,Urban,Clay,Summer,0
17.09,86.21,990.93,7.75,1.86,1220.67,2.52,4162.1,3.6,69.72,6,8.2712,75.2567,5.45,8.16,Poor,Forest,Clay,Winter,0
26.79,33.04,1040.28,10.03,15.12,1203.22,3.42,13274.68,2.21,113.9,9,57.7658,97.1801,1.4,16.23,Medium,Urban,Sand,Monsoon,0
33.23,83.67,1024.4,1.62,2.76,305.97,0.54,13051.97,4.05,272.33,5,18.9222,16.8111,0.19,28.89,Poor,Urban,Loam,Summer,0
28.32,58.3,997.55,5.59,6.32,1384.87,9.48,2013.07,1.28,364.93,9,-25.5636,52.3043,7.24,34.77,Medium,Forest,Sand,Summer,0
34.91,76.87,1008.7,0.72,5.11,542.29,1.8,10233.97,2.23,233.86,5,26.0391,20.802,5.36,44.74,Medium,Forest,Clay,Monsoon,1
29.31,44.07,994.59,7.67,0.51,900.74,2.82,5278.82,5.49,399.77,6,69.0229,153.7203,3.19,6.86,Medium,Agricultural,Sand,Monsoon,1
20.78,87.82,1020.23,15.23,6.17,72.32,0.72,4020.38,3.2,52.94,8,-8.3924,-19.0071,4.43,13.75,Medium,Forest,Rock,Summer,0
21.92,95.14,1022.28,1.24,8.5,761.25,4.21,13034.04,6.54,397.11,3,-57.0238,-124.6352,6.55,14.51,Poor,Water,Loam,Winter,0
9.25,72.45,1008.63,1.5,11.43,1658.66,0.76,14296.68,6.69,336.49,1,-42.4284,166.7214,0.55,1.16,Medium,Water,Sand,Summer,0
17.49,74.86,1010.12,2.43,4.83,1300.4,0.33,1014.11,6.36,235.3,1,20.5347,-72.9522,3.88,33.94,Medium,Urban,Clay,Winter,1
29.39,73.26,994.55,10.03,1.3,465.29,0.5,2688.91,5.42,425.53,1,-1.528,-109.9359,1.05,39.9,Medium,Forest,Loam,Monsoon,0
24.76,63.69,1009.51,0.19,1.5,1520.58,0.29,8076.12,2.11,15.94,1,-51.5998,-164.652,5.03,8.95,Medium,Urban,Loam,Summer,0
21.88,75.62,1024.08,16.64,4.76,1719.13,1.0,14347.71,1.5,60.05,7,-3.1116,-88.3186,2.52,30.97,Good,Urban,Rock,Summer,0
30.94,74.57,1018.99,9.52,0.34,1036.82,0.33,11087.76,4.34,343.31,7,-50.629,-154.3476,0.68,32.23,Poor,Water,Loam,Summer,0
34.6,76.3,999.86,2.05,0.96,196.79,2.16,11489.15,2.49,20.26,0,21.2063,-42.5017,2.36,34.62,Poor,Urban,Loam,Winter,0
20.33,97.79,1013.77,16.03,1.73,1959.94,1.84,8778.1,6.11,407.77,1,60.6509,-99.1384,1.02,15.22,Medium,Forest,Sand,Monsoon,0
21.13,43.82,1006.37,21.8,5.19,571.81,3.39,12934.41,6.85,460.27,1,67.1916,89.3491,5.09,9.95,Medium,Urban,Clay,Summer,0
27.36,80.96,978.65,1.14,5.78,183.74,6.71,7377.07,1.63,177.77,5,6.0869,-72.8826,4.34,26.57,Medium,Agricultural,Loam,Monsoon,0
23.89,30.65,988.51,2.83,6.48,1983.62,0.21,6082.27,6.5,109.98,9,19.9472,67.6383,5.94,36.68,Medium,Forest,Sand,Winter,0
31.62,77.49,1028.96,14.12,9.22,940.64,1.39,1958.24,3.39,325.25,9,-9.1017,-31.4561,7.09,26.69,Medium,Urban,Loam,Summer,0
26.45,63.67,996.28,10.28,0.34,1159.97,1.65,8453.84,5.03,341.47,1,-18.126,49.1366,4.82,1.03,Poor,Agricultural,Loam,Winter,0
25.65,56.14,1039.13,1.31,6.65,471.72,0.93,1031.88,6.51,385.63,8,-5.2378,49.0239,7.46,28.92,Medium,Urban,Sand,Winter,0
40.08,42.91,1043.86,4.5,2.04,52.39,0.05,12492.29,2.55,263.86,2,-4.1446,134.1829,7.53,11.67,Good,Urban,Loam,Summer,0
24.78,60.58,1048.45,13.08,7.25,317.82,1.88,2116.78,6.14,331.91,3,-54.2027,-166.9365,0.11,12.72,Poor,Urban,Loam,Winter,0
34.28,48.77,1008.21,1.7,9.59,93.0,1.93,8473.69,3.09,164.44,6,35.2183,17.3954,0.69,10.66,Poor,Agricultural,Sand,Winter,0
24.16,98.57,1060.11,1.57,6.46,382.38,0.83,4699.61,7.6,484.0,8,-5.6613,-148.0175,0.18,32.4,Medium,Forest,Rock,Spring,0
36.51,68.42,1017.2,9.49,1.28,1693.84,1.12,2200.3,5.48,115.88,9,24.6266,16.3555,3.7,18.53,Poor,Forest,Loam,Summer,1
19.97,48.1,1025.05,1.8,2.0,1513.5,1.47,3152.73,7.08,441.0,8,12.5375,18.9049,4.48,33.78,Poor,Urban,Clay,Summer,1
18.57,57.82,970.4,0.98,2.91,391.22,0.41,1501.14,3.18,381.17,4,-8.5238,149.4324,5.08,35.91,Medium,Urban,Loam,Winter,0
22.32,42.9,1004.93,22.44,5.31,304.21,1.16,9267.94,1.13,442.38,6,67.9343,60.4512,7.74,18.8,Medium,Urban,Loam,Summer,0
25.26,66.92,1007.66,12.71,11.05,158.81,2.63,2892.44,6.94,411.34,1,68.4485,144.4666,0.89,34.18,Medium,Urban,Clay,Winter,1
12.01,37.91,1016.23,0.91,6.35,840.24,4.72,11121.1,1.93,310.75,6,49.3882,-10.3366,4.97,15.86,Good,Agricultural,Clay,Monsoon,1
21.28,42.24,1017.02,19.36,1.29,1674.08,0.65,9678.94,5.71,261.2,5,39.2102,-33.0097,2.88,3.08,Medium,Water,Clay,Winter,1
27.26,91.2,1027.93,0.0,0.93,779.52,0.95,3478.28,3.36,73.14,2,-5.0687,-164.8711,7.81,4.98,Medium,Water,Clay,Winter,0
26.57,86.34,1019.34,0.18,16.46,1453.34,0.73,12457.98,2.61,437.65,7,-47.4505,-92.9182,5.63,24.33,Poor,Forest,Sand,Monsoon,0
33.4,33.37,995.72,23.32,9.56,1335.61,1.8,13395.31,1.89,48.69,0,-25.189,104.0979,2.28,19.31,Medium,Agricultural,Clay,Spring,1
26.45,32.29,1047.18,20.29,0.33,1911.65,0.05,10447.31,1.12,456.23,8,-37.8244,161.319,2.73,7.42,Medium,Agricultural,Loam,Monsoon,0
30.82,97.95,999.52,3.05,1.58,945.79,8.25,4107.49,3.55,446.83,1,-54.0657,-129.5913,2.89,21.26,Poor,Water,Sand,Summer,0
12.96,44.49,1028.2,7.27,0.03,15.33,0.49,647.15,1.31,176.04,4,-8.4164,-164.0204,3.51,9.83,Poor,Agricultural,Clay,Winter,0
26.56,32.08,1032.85,11.25,0.23,901.19,5.3,2561.54,3.42,367.63,7,19.0277,-68.6258,7.26,32.13,Good,Water,Loam,Spring,0
26.16,78.06,1000.7,1.22,2.42,912.47,0.92,1903.27,3.64,378.08,0,37.4806,-31.4369,3.23,14.45,Medium,Agricultural,Loam,Monsoon,0
22.59,74.65,1006.65,13.51,3.78,1658.04,9.48,12318.19,5.71,270.92,0,58.3175,110.8881,0.68,17.97,Poor,Forest,Loam,Spring,0
22.63,35.43,1034.67,7.82,9.89,1180.57,0.51,5825.17,3.88,293.84,8,15.6858,-46.3779,3.45,14.35,Medium,Agricultural,Loam,Summer,0
16.15,92.31,1008.7,4.24,0.84,50.9,2.08,9589.84,3.05,45.14,0,9.0411,123.0204,0.81,38.12,Medium,Forest,Clay,Spring,0
16.08,36.95,1014.95,2.34,12.99,828.3,1.01,4766.77,1.6,249.05,9,64.2694,-66.972,7.2,5.23,Good,Agricultural,Loam,Winter,0
24.14,56.99,1021.95,4.16,3.9,308.29,1.61,8171.4,6.21,418.49,2,32.1718,-116.2185,2.85,37.21,Medium,Agricultural,Clay,Winter,1
27.35,99.98,989.34,1.63,8.48,414.62,3.05,11045.21,2.75,169.65,7,-8.6321,-165.7946,4.97,9.06,Medium,Forest,Clay,Winter,0
27.13,90.9,1048.38,1.4,7.82,249.64,3.16,4208.94,7.08,472.58,0,-47.8226,91.6636,7.59,23.08,Medium,Urban,Sand,Monsoon,0
41.66,94.31,989.85,4.5,6.47,1788.91,1.22,6707.49,5.02,299.79,6,-45.7957,127.4263,7.65,9.02,Medium,Agricultural,Loam,Spring,0
29.75,73.86,954.19,26.09,0.1,953.69,2.33,10868.33,5.69,75.87,4,-23.7612,-104.1462,2.87,36.2,Good,Urban,Rock,Monsoon,0
30.8,81.83,1023.32,1.54,7.0,1537.85,2.15,11515.13,6.84,310.67,7,-23.5565,67.4663,3.19,32.54,Poor,Urban,Sand,Monsoon,0
19.27,88.95,1019.72,2.77,3.25,290.39,2.48,10036.13,2.08,433.07,2,-7.3366,146.2,6.43,41.82,Medium,Forest,Clay,Monsoon,0
11.78,75.35,1037.06,1.31,10.98,1006.17,1.19,8829.39,5.19,45.17,1,46.9295,109.4251,1.94,32.13,Medium,Forest,Clay,Winter,1
10.33,39.37,1012.44,9.93,0.28,1497.29,0.76,102.01,4.33,32.96,5,49.114,-178.6248,5.66,2.82,Poor,Agricultural,Sand,Spring,0
30.83,51.93,1003.24,15.56,11.12,867.63,4.81,5722.04,7.73,53.75,9,60.9222,123.9295,0.34,25.41,Medium,Urban,Clay,Winter,1
19.73,77.33,1005.12,28.82,1.57,950.81,2.01,14992.05,1.29,254.3,6,-0.4991,-104.8022,4.0,19.47,Medium,Urban,Clay,Winter,1
27.61,44.84,1019.01,10.71,3.2,1760.31,0.49,10199.42,5.06,154.7,7,35.8226,170.8531,7.45,5.66,Poor,Agricultural,Sand,Monsoon,1
25.91,87.63,1006.78,15.23,3.92,199.73,2.33,3704.14,7.33,420.75,0,4.0724,-34.4557,0.99,18.61,Medium,Forest,Clay,Summer,0
41.14,51.83,1017.33,14.87,7.41,1042.59,7.46,1970.7,0.63,387.38,8,-57.7182,-74.4089,0.96,11.95,Medium,Forest,Sand,Summer,1
32.91,98.19,985.97,18.78,0.12,1797.12,3.06,11727.6,3.93,205.02,3,61.8592,37.1851,7.2,31.96,Medium,Urban,Loam,Monsoon,0
26.5,75.57,981.13,10.34,4.12,1553.86,0.46,10911.85,5.15,449.08,8,-40.8948,112.0046,6.25,26.02,Medium,Urban,Loam,Summer,0
23.13,62.9,1022.33,22.09,6.15,124.41,0.32,216.84,5.23,229.36,5,38.9415,-52.4636,3.33,13.59,Good,Water,Loam,Winter,0
14.54,62.1,1016.83,8.23,9.97,962.67,4.56,10147.8,1.53,497.54,1,64.8815,-109.1067,6.83,10.89,Good,Water,Loam,Winter,0
21.61,71.55,980.65,0.76,4.87,1962.36,0.42,11909.67,7.31,472.41,4,-8.9368,127.5199,7.62,43.52,Medium,Urban,Clay,Summer,1
27.45,88.48,1034.09,15.34,2.37,1103.98,3.27,786.25,6.56,97.17,6,-4.2687,-169.4989,5.83,4.29,Medium,Agricultural,Clay,Summer,0
14.25,82.8,980.93,25.06,15.07,1154.25,0.88,11834.48,2.38,286.4,1,-35.0929,150.5661,5.25,10.82,Poor,Forest,Clay,Spring,1
26.71,49.77,1009.21,30.05,4.36,873.23,1.74,7798.81,6.19,148.42,6,56.0326,-28.9987,7.15,42.59,Medium,Forest,Sand,Spring,0
20.59,89.85,992.48,2.32,0.37,138.02,5.65,7653.11,3.57,407.33,7,40.6078,-53.0631,0.38,32.7,Good,Forest,Sand,Spring,0
23.66,68.27,1026.32,7.59,4.46,122.66,0.9,10874.61,2.0,109.75,4,-59.8084,82.5641,2.43,10.37,Good,Urban,Loam,Monsoon,0
11.19,52.77,999.45,12.47,8.49,363.23,0.93,13538.91,6.55,492.58,7,-40.5518,-42.9517,6.1,24.41,Medium,Agricultural,Clay,Summer,0
31.2,63.73,985.09,4.49,14.9,1264.32,0.28,8445.37,6.36,357.16,2,47.5758,70.9954,2.95,41.98,Medium,Forest,Rock,Monsoon,0
21.62,86.49,1026.53,2.17,2.12,671.22,7.68,12862.4,5.76,366.26,6,2.7251,2.4022,4.39,14.04,Medium,Water,Clay,Winter,0
28.89,89.03,1037.96,1.03,4.09,1002.18,2.45,8060.93,4.56,220.5,4,-36.6968,108.0013,5.75,38.82,Medium,Urban,Clay,Winter,1
16.06,91.0,992.76,11.17,7.96,500.94,1.96,8619.02,6.75,453.98,1,-35.7011,-172.8736,1.98,7.33,Medium,Urban,Sand,Winter,0
27.12,47.3,1031.96,4.4,0.44,666.93,2.26,1174.46,2.04,196.91,0,22.1967,-108.3628,5.13,30.22,Medium,Agricultural,Clay,Summer,1
27.75,34.73,1012.03,7.31,0.99,1941.35,0.24,6113.65,6.03,355.23,8,-50.3745,37.9738,1.64,23.39,Medium,Agricultural,Loam,Monsoon,0
27.29,42.05,991.67,25.97,0.35,860.75,2.38,6924.53,1.19,281.16,4,-27.3839,63.3695,0.12,43.43,Medium,Agricultural,Sand,Summer,0
23.28,71.13,1018.54,12.08,5.7,816.3,0.03,8785.6,2.4,230.62,0,20.2424,86.187,1.76,32.66,Poor,Agricultural,Sand,Monsoon,0
27.8,87.21,1018.96,7.19,2.88,1992.52,0.52,8248.45,5.53,353.43,7,-53.4976,148.1477,5.23,36.83,Poor,Urban,Clay,Spring,1
17.22,45.07,975.45,9.09,4.52,744.4,0.81,13285.97,3.37,251.82,7,36.5746,85.6503,1.6,27.76,Medium,Urban,Sand,Winter,0
11.26,55.79,1018.7,22.57,5.49,1574.77,1.21,9490.68,2.36,355.68,9,-41.2296,102.2354,4.0,24.08,Medium,Forest,Loam,Monsoon,0
11.68,62.87,1045.52,0.29,1.18,562.08,2.5,271.24,3.57,462.77,4,-35.8659,59.119,1.28,3.17,Good,Agricultural,Loam,Spring,0
16.32,66.05,996.49,7.67,2.21,707.58,3.53,11860.46,2.81,457.76,4,5.7324,158.8035,2.61,15.95,Good,Urban,Sand,Monsoon,0
27.94,77.39,1006.73,18.2,9.79,1496.71,1.16,9197.15,1.7,340.09,3,-38.513,-179.2828,1.84,5.29,Medium,Agricultural,Sand,Spring,1
22.75,54.8,1021.5,1.11,1.26,1038.45,1.87,3755.75,0.93,201.61,2,14.3486,175.0488,2.69,33.72,Medium,Agricultural,Loam,Monsoon,0
18.94,52.93,1025.96,7.91,4.28,44.28,5.81,10479.75,4.22,467.23,6,-33.1872,-38.9306,1.14,31.14,Good,Urban,Sand,Summer,1
45.97,73.99,990.76,11.67,1.46,19.96,2.57,8081.28,6.77,412.48,8,42.9026,-17.5341,3.88,15.01,Poor,Agricultural,Loam,Summer,1
34.9,93.12,1003.85,2.27,0.35,1754.7,0.99,8172.24,7.76,42.62,8,6.7379,176.1184,7.85,20.27,Poor,Water,Clay,Summer,0
30.64,79.46,1042.8,4.69,2.31,90.64,0.86,13946.4,3.34,417.37,0,-47.6017,-142.6757,2.99,28.44,Poor,Forest,Sand,Monsoon,0
35.71,83.1,990.41,0.15,1.16,1426.47,0.98,9971.01,3.1,201.47,9,17.6302,55.4878,7.27,34.14,Good,Forest,Loam,Spring,0
17.1,44.16,1031.66,3.77,1.38,429.83,1.11,13626.79,4.3,102.08,0,-2.2983,-17.7205,4.68,6.01,Good,Forest,Sand,Monsoon,0
18.5,67.01,1027.68,17.48,3.11,556.92,2.13,12374.13,0.97,390.63,3,42.2721,98.5185,3.69,44.25,Medium,Urban,Clay,Summer,1
32.48,87.7,1008.92,9.94,9.76,1567.54,1.12,3095.87,4.36,370.75,6,49.8333,-90.3569,7.97,37.14,Medium,Urban,Clay,Winter,1
31.05,90.06,1025.25,60.44,1.38,80.7,1.06,2038.2,0.67,186.61,2,-49.5711,-67.6093,3.25,0.62,Poor,Urban,Rock,Monsoon,0
25.28,30.37,990.82,27.87,2.68,804.67,0.99,1132.99,5.29,369.17,1,-30.2462,34.8667,5.66,17.52,Good,Water,Sand,Monsoon,0
33.95,80.06,1023.99,8.99,0.27,909.53,2.25,10195.22,3.3,471.43,4,23.7534,170.7292,5.05,2.45,Poor,Forest,Loam,Winter,0
14.43,96.41,1057.73,0.63,5.78,49.93,0.38,6858.33,3.91,345.99,5,-7.7547,-124.6712,4.29,21.98,Medium,Urban,Rock,Monsoon,0
21.27,32.22,1009.98,5.5,0.44,1213.69,4.26,13255.43,5.44,113.5,7,-22.7525,108.9505,1.57,33.18,Good,Urban,Loam,Monsoon,0
34.54,34.37,1010.6,4.08,0.35,1950.69,3.4,12802.96,7.53,51.7,1,-30.1824,-11.1214,0.57,9.49,Poor,Urban,Clay,Spring,0
11.38,85.88,1003.74,3.95,1.78,465.01,0.28,3921.3,3.16,340.26,3,-40.9001,-56.6477,1.68,36.41,Good,Urban,Clay,Summer,1
35.82,39.6,1018.64,8.69,3.52,288.16,1.96,4177.24,4.16,50.31,6,32.9742,-78.5091,7.87,17.81,Medium,Urban,Sand,Monsoon,0
16.37,33.15,1024.78,1.35,4.13,1530.32,5.64,335.77,4.42,240.73,8,48.97,-49.8946,3.94,21.74,Good,Forest,Sand,Summer,0
23.05,96.6,1007.0,1.93,4.19,1158.63,1.35,9706.7,2.22,280.8,8,-42.885,127.6932,5.93,12.57,Poor,Agricultural,Sand,Summer,0
36.05,69.11,1050.46,4.64,7.7,505.6,5.59,13420.38,3.03,367.44,4,-31.3344,-101.4453,1.4,30.27,Good,Urban,Clay,Spring,1
29.28,82.52,1037.58,1.65,3.07,702.44,0.2,7343.34,7.41,29.63,7,58.0965,-11.4951,1.66,10.72,Medium,Agricultural,Clay,Summer,0
20.79,87.93,1040.77,1.87,0.15,408.9,0.83,7707.65,5.11,456.2,9,21.4219,-79.7505,6.19,5.55,Good,Water,Rock,Winter,0
19.82,62.6,990.53,14.84,12.32,378.28,5.11,10464.81,5.08,107.92,2,40.4603,-94.704,6.01,5.65,Medium,Forest,Rock,Summer,1
37.27,46.41,1015.76,4.23,0.15,1922.98,2.2,14004.76,2.49,309.62,2,20.5501,35.8659,1.54,13.3,Medium,Urban,Rock,Summer,0
28.76,54.28,1051.96,5.72,7.91,556.26,0.31,4766.13,6.87,53.6,7,62.0695,-16.9871,4.33,44.32,Poor,Urban,Clay,Monsoon,1
19.84,93.93,973.1,2.1,0.03,120.19,4.7,9748.0,2.55,96.82,7,-52.7713,-177.5239,6.54,34.07,Poor,Agricultural,Sand,Summer,0
34.08,49.01,990.87,2.11,1.02,684.22,1.12,12481.14,1.4,370.11,0,63.487,-130.6478,0.94,30.7,Medium,Agricultural,Loam,Summer,0
25.34,37.41,1007.87,20.64,3.7,1399.38,1.06,8452.64,7.57,50.54,4,-12.9996,-146.8195,0.79,3.4,Medium,Urban,Loam,Winter,0
32.91,45.61,1019.36,20.64,7.79,1496.32,1.65,3769.04,3.68,398.85,6,-14.8226,-161.8742,7.76,19.41,Poor,Agricultural,Sand,Spring,0
28.89,55.14,982.05,17.35,8.59,954.7,0.86,5502.14,6.54,170.81,9,-13.4165,148.6413,1.25,37.56,Medium,Urban,Clay,Monsoon,1
19.28,44.3,1030.94,0.17,5.68,153.14,1.09,9065.06,7.53,162.78,5,66.2496,22.388,1.29,29.54,Medium,Urban,Sand,Spring,0
26.44,35.38,1022.75,4.38,4.0,806.42,3.59,12238.6,5.09,192.99,1,-6.2876,63.2963,0.85,15.97,Medium,Urban,Sand,Spring,0
15.4,91.55,1007.15,8.14,1.32,1004.85,2.63,14375.96,2.15,444.23,7,-18.8437,-77.1481,3.72,17.08,Poor,Urban,Clay,Winter,1
32.58,76.06,1010.3,0.08,14.34,474.29,0.23,11545.11,4.25,222.55,7,57.2058,-102.5264,4.38,12.35,Good,Forest,Loam,Monsoon,0
16.04,44.76,998.22,19.46,8.59,881.15,0.28,5795.56,5.15,232.66,9,25.7358,67.6964,0.21,27.16,Poor,Water,Clay,Monsoon,1
28.6,59.2,975.6,1.75,0.94,836.29,2.83,13479.67,1.13,202.62,6,-39.2488,-59.1756,6.44,2.36,Poor,Urban,Loam,Winter,0
17.76,49.44,993.64,0.37,13.08,427.4,1.09,244.33,6.93,368.27,5,-27.7765,71.1779,6.25,14.12,Medium,Forest,Clay,Spring,0
37.51,39.24,1021.22,7.2,1.08,186.39,1.06,2533.72,2.16,165.6,3,-47.6031,-17.9789,6.54,41.87,Medium,Agricultural,Clay,Spring,1
24.91,60.95,999.85,4.07,2.51,1059.88,0.35,8622.74,6.54,382.48,3,-14.9474,-33.2223,4.38,33.03,Poor,Urban,Loam,Monsoon,0
20.01,98.32,1027.9,4.23,2.06,623.82,0.26,1755.94,5.36,438.81,8,-46.2731,-163.6939,1.13,24.55,Medium,Forest,Clay,Spring,0
24.56,65.32,1003.68,1.25,0.93,703.61,2.87,7655.53,5.28,492.74,1,20.4404,59.5315,3.47,20.09,Medium,Agricultural,Clay,Summer,1
29.44,47.75,1061.59,6.37,3.39,390.02,2.11,11735.7,6.44,305.21,3,67.2897,62.582,0.82,5.67,Good,Urban,Loam,Monsoon,0
30.88,60.03,1048.64,3.23,7.32,452.54,2.36,3576.66,5.19,376.07,9,-32.3966,-136.0773,2.01,29.27,Medium,Urban,Rock,Spring,0
17.0,31.95,1008.26,9.75,8.22,1684.03,1.32,11684.09,5.55,364.88,5,65.4894,-161.85,2.37,29.87,Good,Forest,Loam,Monsoon,1
26.57,53.87,997.04,24.92,2.61,286.56,2.51,4470.97,4.44,351.94,3,48.879,41.2149,4.84,13.85,Medium,Urban,Loam,Spring,0
18.58,60.97,1005.49,0.43,5.77,1805.41,3.63,1997.81,1.45,408.58,0,24.4724,-142.7637,6.65,41.33,Medium,Agricultural,Loam,Spring,1
17.67,47.81,1040.11,0.13,3.89,1702.3,6.32,8529.6,4.36,51.68,8,68.5486,-98.738,3.07,29.98,Medium,Forest,Clay,Spring,1
24.48,36.14,1019.56,0.68,11.1,927.63,0.77,7199.27,2.89,249.63,3,-42.6827,47.6627,5.46,14.19,Poor,Forest,Loam,Monsoon,0
25.0,81.12,1034.67,9.65,1.03,51.38,0.67,6701.2,5.13,426.48,2,8.0633,-78.3855,1.81,24.8,Poor,Urban,Loam,Monsoon,0
24.81,34.67,1021.83,0.49,1.75,1865.09,1.48,4149.62,3.49,303.31,0,45.2902,29.9269,4.91,40.41,Medium,Urban,Loam,Summer,0
29.02,55.1,1048.93,24.23,0.11,631.55,0.12,11521.26,5.77,172.36,5,27.8937,-69.394,5.02,41.88,Medium,Forest,Loam,Summer,0
33.53,62.67,1002.57,0.8,0.91,122.21,1.38,1684.43,1.36,471.11,7,19.8173,41.9141,7.89,0.01,Medium,Urban,Sand,Summer,0
22.63,42.64,1005.84,3.04,3.72,222.42,4.05,4530.69,1.72,341.05,3,-52.3865,18.8518,5.87,9.4,Medium,Agricultural,Loam,Summer,0
18.47,69.61,1014.56,23.86,2.52,592.65,0.31,2356.54,3.75,301.88,0,1.089,0.8967,4.19,14.36,Poor,Urban,Loam,Winter,0
17.28,77.49,1000.77,3.9,22.01,651.37,1.0,9089.68,6.51,240.06,1,27.3926,-6.7399,4.65,42.12,Good,Water,Clay,Winter,0
20.28,39.25,1029.89,5.8,5.16,761.9,0.11,9031.97,7.27,197.78,4,-34.4046,-21.1858,7.24,37.59,Poor,Urban,Sand,Spring,0
24.54,61.18,1027.67,0.15,1.42,1732.58,0.36,6285.36,0.61,244.38,9,18.5667,94.9292,1.48,2.68,Medium,Urban,Loam,Spring,0
21.9,44.16,1004.73,4.89,0.26,795.59,1.43,7301.08,3.37,421.18,3,-56.6448,19.1846,3.8,0.33,Medium,Water,Clay,Summer,0
3.81,53.13,1040.03,8.9,3.03,903.13,5.53,14762.07,6.47,380.81,8,29.7944,82.363,1.33,2.66,Poor,Water,Clay,Summer,0
34.18,58.96,998.43,10.58,4.33,44.44,8.94,717.28,7.76,279.43,7,-29.1999,-145.0924,2.52,17.69,Poor,Agricultural,Loam,Monsoon,0
17.82,84.77,986.76,48.95,1.38,1748.61,3.55,3447.4,3.49,210.74,6,-34.6794,111.7686,4.9,0.75,Poor,Agricultural,Sand,Monsoon,1
27.45,62.18,1028.69,11.26,4.82,1137.1,0.12,9528.76,6.27,497.1,7,54.3482,146.5351,1.27,42.72,Good,Urban,Sand,Monsoon,0
10.35,71.56,991.97,8.57,0.88,943.48,1.61,8597.28,2.08,373.71,7,-54.369,71.7622,2.04,21.29,Medium,Agricultural,Sand,Spring,0
23.63,52.21,991.74,24.3,0.31,1388.03,0.4,4853.77,3.62,454.93,5,-46.3921,-133.7053,0.73,14.34,Medium,Urban,Clay,Monsoon,0
22.1,74.95,1001.97,3.22,3.41,243.39,1.77,4809.56,5.2,406.11,8,14.376,-114.9173,6.0,41.09,Poor,Urban,Clay,Summer,1
12.55,73.08,1050.25,0.85,0.46,343.66,1.46,3288.52,2.62,206.15,8,52.2524,-68.8312,4.84,17.44,Poor,Urban,Sand,Monsoon,0
33.52,92.01,1024.25,16.93,0.1,1471.84,0.47,2080.63,5.29,166.67,8,57.4191,-171.1375,1.1,0.04,Poor,Forest,Sand,Winter,1
41.1,95.22,1015.72,9.69,8.14,167.45,0.98,5671.81,7.15,84.17,1,-36.2805,167.4755,2.63,2.45,Medium,Agricultural,Loam,Summer,0
19.82,74.52,992.67,5.08,0.03,1046.81,5.09,12199.96,6.69,399.58,6,25.5031,50.9647,6.12,6.44,Poor,Agricultural,Rock,Summer,0
26.45,64.0,997.82,7.89,13.03,1742.63,3.08,4178.11,7.34,57.78,5,5.0753,52.461,5.46,14.92,Medium,Urban,Sand,Winter,0
34.54,82.63,987.84,16.71,14.57,625.84,3.91,2062.13,5.79,373.57,7,22.9856,-69.4276,5.17,28.12,Good,Water,Clay,Spring,1
29.31,74.52,1032.57,5.14,4.31,615.75,1.3,11916.64,7.86,466.92,2,30.6131,-49.3262,6.71,30.2,Good,Agricultural,Clay,Summer,1
33.52,48.94,1042.05,2.86,14.24,596.54,2.99,5957.51,1.54,15.25,0,-26.7669,9.9229,1.77,2.53,Poor,Urban,Sand,Spring,0
19.63,57.77,1010.42,6.42,3.0,1738.35,1.51,7072.91,3.58,410.64,4,-5.5339,-15.1097,6.56,29.19,Poor,Agricultural,Sand,Summer,0
24.98,94.45,1013.42,4.23,0.28,408.48,1.08,3372.56,0.5,458.35,5,-44.3527,-155.6623,5.94,7.55,Medium,Water,Sand,Spring,0
15.13,73.49,983.21,12.68,0.59,71.18,10.35,3567.65,0.9,103.04,7,-1.2137,86.0729,5.0,3.65,Medium,Agricultural,Loam,Winter,0
25.3,32.64,1003.01,16.51,1.93,1124.86,0.66,11759.25,7.15,205.33,1,-15.0747,-177.4864,0.78,31.79,Medium,Urban,Loam,Summer,0
18.74,34.77,997.81,2.07,4.05,582.72,1.08,5715.32,7.07,453.6,2,63.9424,-158.3183,2.64,4.81,Poor,Urban,Sand,Spring,0
27.53,38.67,995.3,0.73,12.01,380.26,3.44,8215.0,1.08,478.17,4,51.0126,-175.2376,6.88,7.6,Medium,Agricultural,Rock,Winter,0
23.69,49.89,1017.24,3.41,2.37,786.64,1.57,2482.21,5.68,92.11,0,36.131,52.3924,4.03,35.84,Poor,Forest,Clay,Summer,1
21.94,42.54,1010.53,4.98,14.76,282.4,2.88,1719.37,7.86,196.99,9,22.3242,-17.8983,6.14,28.29,Medium,Agricultural,Loam,Monsoon,0
26.98,77.0,1038.66,26.08,4.83,1649.61,2.33,8323.85,2.31,218.74,2,23.5634,36.3404,1.9,13.5,Medium,Urban,Loam,Spring,0
20.8,37.69,1022.87,21.51,2.1,1367.74,0.05,10381.7,2.87,37.31,4,-33.7206,16.3765,2.88,3.92,Poor,Forest,Clay,Winter,0
30.77,54.0,1001.26,1.18,4.22,1163.13,2.51,3679.27,3.83,148.36,9,-38.3902,149.9361,4.28,8.8,Medium,Urban,Loam,Summer,0
29.94,91.66,1043.19,0.51,1.49,930.07,0.51,11184.19,7.39,217.65,9,47.8201,-111.4787,2.09,28.09,Good,Forest,Clay,Summer,1
31.92,88.31,1026.15,42.52,7.83,1202.77,0.83,8214.47,0.81,374.96,0,27.5883,-17.8739,0.41,18.08,Medium,Urban,Loam,Spring,0
13.68,50.43,1017.37,13.81,3.29,432.06,6.84,10755.36,7.68,219.28,0,31.9463,-89.2178,7.18,23.63,Medium,Urban,Clay,Spring,1
32.68,68.55,1022.25,1.66,6.51,1200.5,2.63,11569.22,7.82,291.05,1,4.643,-115.7702,7.49,23.21,Poor,Agricultural,Loam,Summer,0
41.9,44.49,1040.94,19.07,0.44,712.19,2.28,4184.39,6.71,372.54,4,-34.4567,-103.7715,4.28,28.59,Poor,Urban,Loam,Winter,0
29.71,80.35,1011.32,26.62,3.75,517.81,0.11,10918.66,1.41,158.36,2,-37.3033,74.6735,3.86,2.58,Medium,Agricultural,Loam,Spring,0
18.33,52.99,1024.67,6.68,0.13,497.64,1.05,4266.58,1.52,366.73,4,-48.9544,-22.9514,6.44,8.36,Medium,Forest,Clay,Monsoon,0
8.48,81.6,1013.57,0.37,3.22,672.65,5.06,278.85,4.65,372.93,7,-16.1553,-115.3441,2.6,30.27,Poor,Forest,Sand,Winter,0
34.54,38.0,1010.02,2.95,8.8,755.99,7.95,7047.17,6.44,207.13,7,-54.1303,-22.356,6.67,5.31,Good,Urban,Sand,Spring,0
38.48,53.27,1049.88,3.79,0.56,733.6,0.21,11522.28,7.75,485.34,3,7.2372,125.3453,4.13,12.81,Medium,Urban,Clay,Summer,0
23.62,37.93,995.78,1.89,3.96,329.2,0.13,4829.09,2.15,262.5,9,-57.9163,166.9267,4.12,4.48,Medium,Agricultural,Clay,Monsoon,0
16.84,70.72,1017.13,14.54,2.61,1759.68,2.09,13498.81,5.18,74.33,1,27.0681,-35.1457,6.76,21.43,Poor,Agricultural,Clay,Summer,1
27.52,99.69,1015.77,5.98,1.46,885.66,3.76,3169.48,7.64,177.51,3,-18.6724,-176.8402,6.71,36.39,Medium,Urban,Clay,Monsoon,1
35.79,38.45,1042.95,37.71,1.03,890.55,1.34,12214.64,1.24,220.04,4,39.4911,154.5853,2.66,31.54,Poor,Agricultural,Loam,Spring,0
17.16,98.81,991.21,10.29,6.32,1953.24,0.95,12047.42,3.76,436.07,1,24.9663,-81.364,5.93,24.42,Medium,Forest,Clay,Spring,0
17.94,76.46,984.53,1.26,15.39,1731.14,1.72,10143.16,0.62,176.08,6,-6.6049,1.6694,3.35,31.55,Poor,Agricultural,Loam,Spring,0
24.55,65.14,1019.76,24.07,6.32,1164.14,3.2,12979.06,3.93,242.8,3,52.2733,178.8513,6.06,31.01,Medium,Urban,Clay,Monsoon,1
20.62,34.35,1004.04,17.3,1.87,803.39,1.4,12607.85,5.38,311.38,3,1.3114,-98.1066,2.38,35.1,Poor,Urban,Rock,Summer,0
14.37,92.38,1011.78,6.17,6.18,1967.42,0.1,1540.75,5.9,148.09,4,-53.8824,-172.9987,6.13,3.56,Poor,Forest,Rock,Summer,0
17.25,72.67,1016.09,8.4,7.85,1973.38,0.58,7693.88,7.32,394.74,4,61.0298,-161.8173,7.56,2.58,Medium,Agricultural,Clay,Summer,0
30.5,87.44,1045.81,4.98,2.97,1460.0,0.89,1052.12,1.06,66.53,1,62.812,-59.4438,2.43,43.5,Medium,Water,Clay,Winter,1
25.36,30.99,1024.17,2.98,2.99,1385.82,2.64,14931.78,2.66,273.73,0,-52.7581,-133.4794,7.06,4.36,Poor,Agricultural,Clay,Summer,0
20.74,76.76,1007.68,1.43,9.55,1634.38,0.03,13446.32,0.72,127.43,7,43.5638,-58.3266,2.69,23.12,Medium,Urban,Loam,Spring,0
21.2,65.9,1003.61,18.63,0.41,1413.91,2.12,13100.55,2.33,230.55,1,-0.473,-37.9874,2.98,4.16,Good,Urban,Rock,Winter,0
31.08,97.66,1007.16,5.86,1.94,1052.19,2.33,4174.77,6.02,35.31,3,37.1487,-162.751,6.57,6.25,Good,Agricultural,Clay,Winter,0
25.98,74.87,1043.33,15.43,2.6,5.42,3.79,5775.27,4.22,13.81,1,-32.5739,122.9839,4.77,33.28,Poor,Agricultural,Sand,Spring,0
20.47,73.42,990.6,7.87,0.67,579.46,0.55,3281.79,3.58,354.98,2,53.3062,-29.3955,1.11,38.98,Medium,Urban,Loam,Summer,0
18.15,82.26,1010.16,0.13,5.17,365.73,0.53,9570.92,7.95,391.08,1,39.6119,-70.5259,2.64,31.2,Good,Urban,Sand,Monsoon,0
33.67,94.06,1045.08,1.7,6.97,1136.54,0.64,7169.08,3.0,293.86,6,32.8798,-19.934,1.39,24.61,Poor,Forest,Clay,Winter,0
21.4,61.23,1016.07,8.07,1.77,910.15,0.36,4631.45,5.16,157.88,5,-54.9616,-0.1626,5.03,19.74,Medium,Urban,Loam,Summer,0
9.83,48.56,1012.85,5.66,34.79,440.65,0.22,8817.02,4.16,266.86,8,-3.3626,-133.529,2.14,40.98,Medium,Agricultural,Sand,Monsoon,1
32.35,39.35,1010.46,4.89,8.61,1938.98,1.21,7654.29,4.79,466.85,5,69.6974,-85.1215,5.11,15.34,Poor,Water,Clay,Monsoon,1
28.9,75.31,1034.44,1.37,5.25,1964.97,4.86,6643.05,0.8,187.52,1,47.2546,128.999,0.51,26.67,Medium,Agricultural,Rock,Summer,0
23.4,93.97,1023.7,39.66,5.42,1633.78,2.77,10523.06,2.8,37.98,4,-54.8264,35.1656,1.0,29.5,Good,Agricultural,Sand,Summer,1
32.97,47.13,1023.59,5.47,9.13,1754.24,0.56,8303.5,1.94,59.92,2,33.6943,5.0484,5.05,1.12,Medium,Agricultural,Sand,Monsoon,0
31.63,90.87,1031.46,2.1,2.56,1895.59,1.01,1960.56,4.44,63.65,4,17.525,-81.2834,2.61,15.73,Poor,Agricultural,Loam,Monsoon,0
16.54,54.67,1025.6,1.35,0.7,1352.39,3.91,14444.72,5.21,100.21,5,-18.0978,99.6817,2.63,27.1,Poor,Agricultural,Loam,Monsoon,0
24.21,31.34,1017.42,5.66,0.17,1907.87,0.47,11855.01,6.31,116.69,9,59.7487,171.391,3.87,0.66,Poor,Urban,Loam,Summer,0
9.97,88.29,1031.62,6.8,12.13,1856.03,0.36,134.62,7.88,454.01,1,58.9877,-84.3532,4.52,11.35,Good,Urban,Loam,Winter,0
24.61,96.2,1022.78,11.3,1.79,376.61,0.72,1485.96,1.58,61.28,9,-4.9473,-17.148,4.11,4.83,Medium,Agricultural,Sand,Spring,0
14.82,45.28,1000.39,0.56,0.09,205.54,0.38,6521.66,4.33,78.89,0,27.6582,172.784,1.31,31.13,Good,Agricultural,Clay,Winter,1
26.02,56.8,1014.74,9.96,2.81,875.53,0.74,11455.73,7.52,470.97,0,21.1347,-9.3325,7.62,10.77,Good,Urban,Clay,Spring,0
33.25,77.64,999.96,3.56,3.06,191.12,4.57,14037.83,7.85,435.59,9,58.2434,-82.9332,0.86,0.76,Good,Water,Clay,Summer,0
36.62,39.5,1013.28,37.91,16.67,327.46,0.71,1592.31,2.54,409.82,8,-8.0738,-29.1855,2.09,4.16,Medium,Agricultural,Rock,Spring,1
35.1,85.06,1030.54,2.79,1.83,966.27,0.13,9206.01,7.88,186.8,1,-12.9998,12.5278,5.1,3.18,Good,Forest,Loam,Summer,0
32.41,58.77,1017.57,9.27,4.97,834.77,0.31,1494.04,0.63,438.03,1,20.8575,137.5112,2.76,7.77,Good,Urban,Loam,Monsoon,0
26.23,60.47,1023.38,7.45,1.11,1501.09,2.74,2268.21,7.08,141.9,6,-14.2764,-21.5351,3.06,8.0,Poor,Forest,Loam,Monsoon,1
19.77,79.08,1014.21,0.57,12.14,1404.17,1.42,6678.41,1.48,152.59,5,33.4309,31.0448,6.41,20.3,Medium,Urban,Sand,Spring,0
27.94,67.31,1010.33,9.98,3.91,258.76,0.94,1577.28,5.17,228.97,4,0.8791,127.1261,2.42,2.29,Good,Water,Clay,Summer,1
21.94,74.18,1032.26,12.55,2.81,612.88,6.55,14470.87,2.67,245.02,0,56.021,-151.6944,5.39,27.65,Medium,Urban,Rock,Summer,0
16.7,46.73,1026.31,3.3,2.65,468.65,0.04,13202.96,7.74,177.37,1,51.5581,-33.1424,2.15,44.91,Good,Agricultural,Loam,Spring,0
31.31,73.66,1018.26,1.44,0.62,1688.37,0.3,7851.46,0.78,49.53,0,61.7441,117.1925,7.26,3.93,Medium,Urban,Loam,Winter,0
26.01,70.31,989.45,10.36,0.09,1920.73,0.09,2231.62,0.61,287.76,2,-15.5823,163.1939,0.4,26.97,Good,Agricultural,Loam,Monsoon,0
19.21,52.64,1026.26,17.11,3.85,1719.88,0.48,9155.9,1.13,325.1,4,-55.9255,-136.9984,4.68,11.98,Medium,Water,Clay,Monsoon,0
41.47,87.05,1018.08,3.02,1.76,1.26,6.6,13771.42,6.23,48.75,8,20.1038,165.8986,0.82,0.72,Good,Agricultural,Clay,Summer,0
30.68,56.96,1025.36,5.41,0.23,578.27,1.2,1843.05,3.9,428.06,0,1.6908,-49.8646,0.63,8.63,Medium,Forest,Loam,Winter,0
20.46,33.88,1034.5,8.08,4.43,1869.08,2.59,13774.81,7.31,306.24,1,-28.9501,161.7412,2.67,4.81,Medium,Urban,Sand,Summer,1
28.89,68.62,974.01,4.41,2.96,1931.04,0.95,3947.58,2.33,234.3,3,26.3243,-94.4784,5.85,3.45,Medium,Urban,Loam,Winter,0
16.47,87.28,1060.58,11.5,1.01,1641.84,1.12,2915.89,2.61,141.09,7,-43.9202,29.9794,1.87,5.56,Medium,Urban,Clay,Spring,0
0.62,32.66,1004.52,13.04,3.75,404.16,0.23,5812.48,6.78,433.99,6,-40.3356,-77.5171,4.08,13.5,Medium,Agricultural,Sand,Spring,1
23.41,95.32,995.36,10.14,8.09,932.75,0.9,1715.17,7.07,393.75,6,-7.5286,177.6881,0.76,1.24,Poor,Agricultural,Clay,Monsoon,0
16.74,82.19,1025.51,54.3,5.48,986.96,5.13,336.19,5.97,445.49,7,-52.7296,-128.8147,3.26,44.4,Poor,Agricultural,Clay,Winter,1
45.75,41.96,1035.75,2.2,1.92,1186.99,0.47,1833.34,7.78,20.77,0,-48.3231,-87.5412,0.13,16.2,Poor,Urban,Clay,Winter,0
17.36,94.44,1020.39,0.98,15.51,1221.85,0.0,13420.71,4.41,138.71,3,-16.1624,-35.1863,7.58,11.64,Poor,Forest,Clay,Summer,0
30.37,40.74,1025.08,4.57,2.34,302.82,3.2,10637.7,1.93,189.69,4,41.4887,-39.5141,0.97,44.37,Medium,Water,Loam,Spring,0
28.37,75.55,1033.03,20.16,11.22,1839.59,0.2,8207.48,6.05,380.89,1,-58.6283,-147.0865,1.35,8.44,Medium,Agricultural,Clay,Summer,0
21.55,94.23,1010.92,11.18,23.42,1765.65,1.28,7843.31,1.93,236.4,1,-15.6768,143.8246,0.41,38.86,Good,Agricultural,Loam,Summer,1
36.19,89.46,1044.94,7.79,8.14,1017.77,0.13,5820.81,3.83,79.39,0,-1.212,-128.5972,3.46,43.5,Medium,Water,Sand,Winter,0
19.75,80.72,1008.29,3.73,7.64,885.31,1.33,11690.85,3.37,227.13,7,50.3189,139.9112,2.9,27.05,Medium,Agricultural,Sand,Summer,0
10.29,35.91,1025.28,11.55,6.15,719.98,0.16,6451.84,3.82,337.65,8,-53.1477,-166.4762,3.27,21.0,Medium,Forest,Sand,Spring,0
21.61,62.25,1003.93,3.37,1.42,1290.48,2.11,12385.3,3.63,45.81,5,-25.1275,179.7611,3.31,31.4,Poor,Urban,Clay,Winter,1
29.71,94.37,1011.64,3.73,1.17,1696.96,4.73,8169.79,5.22,135.89,7,26.3216,-58.1876,4.03,37.36,Good,Water,Clay,Spring,1
26.86,67.1,1031.03,0.28,1.42,919.23,1.98,8403.05,6.07,147.09,1,34.5449,48.1515,3.41,29.19,Poor,Forest,Loam,Winter,0
24.08,68.41,1029.2,15.91,4.37,1920.44,2.16,7888.37,0.68,212.73,8,-33.3214,-111.7731,5.98,9.37,Poor,Urban,Loam,Winter,0
19.77,92.12,1029.85,1.48,2.05,1173.5,0.22,10978.94,3.4,394.36,9,-27.2213,-3.3083,1.45,33.06,Poor,Agricultural,Loam,Summer,0
28.06,79.96,1026.78,2.91,5.35,396.41,0.31,14992.07,5.17,221.18,5,-47.6915,-168.1716,4.83,2.23,Medium,Agricultural,Clay,Monsoon,0
30.64,96.37,1020.03,6.67,6.06,1703.94,0.88,3994.82,7.6,365.89,9,11.1182,53.9828,3.59,35.84,Medium,Agricultural,Sand,Monsoon,0
13.49,58.41,1039.66,35.21,0.6,537.01,1.36,12567.27,1.73,145.71,9,-9.4723,-20.2675,5.65,10.72,Good,Forest,Clay,Monsoon,0
26.53,88.88,1013.85,0.37,5.37,573.53,1.64,4262.24,3.12,462.35,7,43.8807,3.0525,6.26,38.05,Poor,Agricultural,Loam,Winter,0
19.46,85.48,999.82,2.07,0.34,1997.12,0.05,12545.14,3.24,422.39,1,-17.6062,-100.6424,1.86,5.2,Good,Agricultural,Sand,Spring,0
27.56,69.13,1014.68,4.1,3.66,1958.53,2.38,10112.44,2.31,374.37,0,-21.7016,-86.8662,2.54,21.77,Poor,Urban,Loam,Spring,0
26.87,72.55,1032.09,5.16,5.64,379.87,3.42,1838.67,5.42,177.16,9,-49.7937,137.2529,4.5,0.26,Poor,Agricultural,Rock,Summer,0
32.93,95.93,1016.58,13.45,0.45,1338.31,1.06,7113.44,0.87,103.62,8,-10.0775,127.5838,3.63,13.57,Medium,Urban,Clay,Summer,0
33.0,71.75,1061.74,4.56,8.23,1046.57,0.25,2023.07,4.53,468.92,6,-27.7844,-166.9173,6.96,34.38,Poor,Agricultural,Clay,Summer,1
20.4,58.45,1019.7,6.64,3.89,1636.72,0.38,12136.69,5.7,282.38,6,11.4124,154.725,3.5,36.8,Good,Urban,Sand,Monsoon,0
38.55,45.87,995.28,9.21,5.98,180.99,1.38,4019.89,5.93,102.88,8,52.4493,-64.5768,6.87,3.99,Poor,Urban,Sand,Summer,0
21.7,70.06,998.23,5.83,2.13,1492.9,4.48,11376.16,2.99,374.78,1,24.0275,134.3919,6.34,12.56,Poor,Agricultural,Loam,Monsoon,0
29.59,82.66,1005.69,0.18,3.64,1059.15,1.02,4531.16,5.61,111.82,9,28.0149,109.1564,6.32,9.8,Medium,Agricultural,Loam,Summer,0
29.79,82.18,978.5,4.76,1.8,918.69,3.41,13955.83,4.59,334.12,7,-2.9732,-101.4216,2.71,22.42,Poor,Urban,Clay,Monsoon,1
44.4,92.08,996.32,21.97,6.85,70.31,1.71,11820.09,0.63,279.35,1,-30.9317,156.0438,6.46,20.68,Medium,Urban,Loam,Winter,1
33.67,63.4,1017.21,52.15,5.68,148.15,9.88,6177.62,2.66,283.36,8,65.1759,-116.7913,4.7,7.84,Poor,Water,Sand,Spring,0
19.8,98.08,1016.04,7.85,4.1,1040.23,1.89,4038.07,2.65,260.56,3,-4.1219,-76.5872,5.09,7.41,Medium,Forest,Rock,Spring,0
29.96,52.12,941.36,13.07,10.39,1877.44,3.27,12773.64,4.63,414.69,5,29.4865,-86.474,1.0,4.79,Poor,Water,Clay,Spring,1
39.86,55.57,1036.19,7.67,7.77,1636.21,6.34,12381.59,4.74,98.03,5,43.4208,-8.2273,0.42,0.58,Poor,Urban,Rock,Winter,0
45.58,98.27,968.01,33.75,1.21,1622.21,0.44,3281.71,5.57,208.45,1,59.4078,145.4809,0.71,23.02,Poor,Urban,Loam,Spring,0
14.35,71.93,969.44,0.74,1.29,1862.98,4.78,11741.23,0.65,170.23,8,-50.6521,147.242,7.28,28.53,Good,Urban,Sand,Summer,0
27.44,97.06,987.92,6.99,0.43,1240.0,0.83,12853.29,3.76,104.49,5,39.7403,-105.8806,6.15,11.95,Medium,Forest,Rock,Winter,0
17.16,65.7,1005.08,6.17,11.55,1860.01,0.97,7426.9,7.22,405.29,9,2.6066,65.0041,6.41,23.82,Good,Agricultural,Loam,Winter,0
31.82,56.4,1000.21,23.37,0.36,116.44,5.23,9761.98,3.35,379.98,3,-6.4469,156.3879,7.29,27.69,Poor,Urban,Loam,Monsoon,1
38.64,78.86,990.84,10.16,1.93,187.04,1.11,2018.44,7.61,242.83,9,38.4346,-69.9665,4.55,17.22,Medium,Forest,Clay,Spring,0
19.66,93.59,1028.09,0.98,3.16,1775.08,2.05,6263.3,2.7,193.8,0,63.9815,51.1597,4.25,17.99,Poor,Urban,Loam,Summer,0
13.71,72.12,1010.26,0.63,2.67,1093.23,1.15,11255.22,6.71,387.91,8,33.746,-53.0312,5.38,22.89,Medium,Forest,Loam,Spring,0
32.94,86.15,1005.67,4.29,5.92,319.27,4.53,6126.92,3.92,355.82,6,-35.7196,119.2485,4.97,1.75,Medium,Urban,Sand,Monsoon,1
19.03,47.53,999.77,16.39,1.64,383.04,1.4,12998.11,2.31,48.48,2,36.2023,-68.496,7.15,10.27,Good,Agricultural,Sand,Spring,0
31.07,61.8,986.2,19.91,12.44,1993.62,0.33,12958.16,2.5,299.5,8,-10.2024,82.6277,1.2,41.97,Poor,Urban,Sand,Winter,0
24.77,64.33,1028.5,1.28,8.11,493.93,4.6,13671.28,7.57,264.91,7,-9.5472,-92.7744,3.6,15.2,Good,Forest,Clay,Spring,0
30.15,34.08,1001.26,25.4,10.37,1142.19,0.02,3941.38,3.55,235.43,1,25.0192,42.6907,5.18,0.83,Medium,Urban,Clay,Winter,0
22.28,71.47,995.31,18.05,0.22,473.27,4.41,236.57,2.01,479.92,9,3.1857,59.0762,1.53,14.07,Medium,Water,Loam,Spring,0
18.02,85.14,1022.63,3.73,1.98,21.6,2.41,1787.72,6.3,251.02,5,2.6593,-154.6342,7.04,18.45,Poor,Urban,Rock,Summer,0
17.48,64.05,1022.53,13.41,10.08,1252.52,2.21,1981.62,7.59,74.96,3,21.3928,140.8323,0.37,28.08,Medium,Urban,Sand,Monsoon,0
31.63,70.9,1001.64,7.1,1.92,1461.86,0.68,11082.25,1.03,433.63,6,21.145,-132.4673,3.51,27.5,Medium,Urban,Rock,Winter,0
20.79,37.07,1035.54,32.67,5.29,912.2,1.01,4938.11,7.86,76.03,3,17.0339,-43.2273,1.82,41.5,Medium,Agricultural,Loam,Summer,0
28.61,67.92,1003.67,1.41,7.27,1864.89,5.89,5598.36,1.52,264.02,0,-27.1404,-33.6109,7.47,8.26,Medium,Agricultural,Sand,Spring,0
15.55,72.82,1013.61,8.34,6.27,1875.41,4.87,14196.53,2.34,74.47,9,51.7122,-140.3936,7.16,43.74,Good,Forest,Clay,Summer,0
8.84,63.14,1023.98,9.5,10.16,1323.8,1.14,12309.48,7.29,68.68,1,-52.7197,-7.1612,5.56,37.15,Medium,Urban,Sand,Summer,0
26.52,57.65,1025.67,2.93,20.12,1966.04,5.18,11806.47,2.94,410.33,5,-49.6976,-111.0637,0.0,36.27,Medium,Forest,Sand,Summer,1
23.84,60.11,1013.86,20.8,1.79,189.11,2.84,9129.61,4.78,36.25,0,51.3596,153.9628,4.22,37.12,Good,Forest,Sand,Winter,0
26.47,71.14,1001.82,22.61,5.29,698.1,6.78,12044.13,5.23,153.53,0,-26.6315,77.0043,5.36,3.24,Medium,Forest,Clay,Summer,0
17.51,52.45,1018.26,20.22,1.32,1215.39,1.03,3196.87,6.6,373.99,9,14.9007,19.324,1.89,4.4,Poor,Urban,Clay,Winter,0
35.32,54.49,1013.71,5.53,0.69,245.84,1.93,10165.43,6.33,282.77,0,68.0389,-152.6423,0.11,7.3,Medium,Urban,Loam,Monsoon,0
31.85,57.31,987.53,2.16,6.58,308.3,3.87,7768.58,1.29,350.1,9,18.5426,-136.4542,5.07,4.48,Poor,Forest,Sand,Monsoon,1
15.0,99.1,1007.7,8.24,5.81,650.84,0.2,14640.48,2.65,217.67,4,56.3544,66.9687,0.49,7.31,Poor,Urban,Loam,Monsoon,0
15.18,76.87,1001.17,35.29,0.97,1194.23,1.1,6755.66,2.41,414.32,4,-21.1478,-110.5258,5.5,38.88,Poor,Agricultural,Sand,Spring,0
26.43,66.9,989.93,13.25,0.28,1775.75,2.43,3320.28,1.88,221.51,0,-30.4206,-79.3435,7.17,9.48,Poor,Agricultural,Clay,Spring,0
35.17,69.02,993.4,2.96,5.26,232.55,1.54,6613.51,2.51,305.96,8,67.8851,165.8573,0.75,13.08,Medium,Water,Loam,Monsoon,1
26.04,90.79,1031.12,17.98,8.95,1396.35,0.69,5108.79,2.81,19.82,0,-58.3405,133.7587,3.98,30.03,Medium,Urban,Clay,Summer,1
38.37,59.46,994.97,32.55,4.57,1614.96,0.23,6019.64,3.03,289.05,1,5.4706,132.1488,1.7,27.16,Good,Forest,Sand,Winter,0
19.86,77.7,1026.67,2.93,10.76,1122.96,0.41,3443.1,4.2,481.18,9,-22.9182,-93.884,4.88,36.93,Medium,Urban,Sand,Monsoon,0
18.28,72.89,1039.44,8.8,3.97,1280.97,0.6,1361.27,1.39,120.05,0,42.5753,-53.6488,6.72,31.56,Medium,Urban,Clay,Spring,1
30.62,79.28,1002.45,29.13,2.63,1323.94,1.25,9495.77,3.87,102.43,3,35.6177,58.965,4.23,36.48,Poor,Agricultural,Sand,Winter,0
24.13,67.96,1005.43,1.6,6.86,16.71,0.37,8753.87,5.86,459.16,3,33.6132,63.3573,5.87,16.7,Medium,Forest,Sand,Spring,0
16.31,96.08,1055.28,0.49,9.49,1995.17,4.36,12175.51,3.31,123.34,9,-37.0313,28.8823,2.25,30.06,Good,Urban,Loam,Spring,0
16.09,51.92,1000.38,1.97,11.61,794.37,0.56,6781.28,2.9,374.77,8,-48.005,82.6261,1.52,30.44,Medium,Agricultural,Sand,Spring,0
26.51,32.87,993.94,7.49,10.87,1675.75,4.29,13838.53,1.28,73.09,5,-53.986,-51.9213,7.15,43.85,Poor,Agricultural,Loam,Spring,0
33.43,31.4,1027.01,22.12,4.21,1623.82,3.3,2928.8,1.33,363.43,8,20.7904,100.036,5.14,1.73,Medium,Urban,Clay,Monsoon,0
22.09,83.88,1030.09,8.24,10.72,1055.62,1.46,8710.37,6.12,482.7,0,8.8838,41.3651,0.43,42.19,Medium,Urban,Loam,Monsoon,0
31.94,35.07,1003.05,21.3,1.48,1185.97,5.5,10204.03,3.61,347.87,3,-47.0019,-167.9235,2.12,32.01,Medium,Agricultural,Loam,Summer,1
22.17,36.44,1012.7,3.96,2.87,558.94,1.74,924.71,1.58,350.68,1,12.0276,155.0998,3.41,44.35,Poor,Agricultural,Rock,Spring,1
30.63,67.97,1010.55,7.5,0.76,1.58,3.32,1404.86,5.25,458.16,2,18.4882,-120.9846,5.32,3.54,Medium,Urban,Sand,Monsoon,0
18.05,76.37,1034.28,1.72,5.83,256.38,1.11,3783.37,6.11,138.4,1,19.8,-148.4216,7.13,8.84,Medium,Agricultural,Loam,Monsoon,0
18.41,80.33,1007.94,7.01,6.17,497.89,0.78,5079.81,0.69,177.11,6,61.2433,47.69,6.0,19.68,Poor,Agricultural,Clay,Summer,0
25.01,77.52,1036.66,4.98,1.53,1909.28,1.85,14015.87,2.03,81.98,5,-25.7485,-166.3848,1.32,10.51,Poor,Water,Sand,Spring,0
30.8,47.99,1021.97,0.21,1.26,113.03,0.22,6529.47,2.22,262.81,1,13.6848,-52.4074,7.52,40.77,Medium,Forest,Loam,Summer,0
23.7,69.25,1021.77,1.0,1.12,826.93,0.46,13160.75,1.69,233.27,4,1.2409,-31.9864,7.25,37.73,Poor,Agricultural,Clay,Monsoon,1
28.9,32.33,1005.78,24.39,0.63,1291.52,0.58,12564.63,4.34,76.27,9,-42.2718,-109.1921,3.28,10.41,Poor,Urban,Clay,Monsoon,0
14.89,30.59,985.59,18.28,0.16,1880.36,4.45,8079.28,4.58,330.35,3,-5.9214,88.8015,1.79,17.49,Poor,Forest,Loam,Summer,0
29.48,63.73,1010.08,8.47,8.73,550.47,0.16,10645.98,4.12,449.29,5,55.0405,27.7273,3.92,11.6,Poor,Urban,Loam,Spring,0
27.33,57.63,1005.73,6.78,10.63,825.82,1.54,834.56,0.52,129.95,9,-6.5751,53.2213,0.97,5.12,Medium,Urban,Clay,Winter,0
20.16,87.53,1022.96,14.66,4.54,674.4,0.61,1916.15,4.32,296.78,5,13.2233,53.216,7.11,2.17,Poor,Urban,Rock,Winter,0
30.02,54.2,1035.23,1.88,0.41,1386.59,3.07,12414.16,7.35,441.17,6,54.2545,-66.624,1.2,1.74,Poor,Forest,Loam,Spring,0
24.38,92.66,1003.88,40.54,5.07,323.28,4.73,7792.09,1.65,461.65,4,44.6144,41.5767,0.15,12.17,Medium,Forest,Sand,Summer,0
21.01,76.18,1029.7,1.47,5.81,1826.6,1.88,8441.85,7.71,317.42,2,-46.4176,79.2965,3.64,40.88,Medium,Urban,Rock,Monsoon,0
18.52,78.55,1030.14,0.41,9.14,896.34,2.03,3396.44,5.58,388.4,1,33.9826,-105.7691,6.43,12.24,Poor,Urban,Loam,Summer,0
29.92,34.16,1023.57,9.44,2.38,1587.79,4.15,12779.96,6.33,141.84,5,67.3655,-83.4206,2.77,43.79,Poor,Agricultural,Sand,Spring,0
32.79,57.83,1025.48,4.1,1.34,961.3,1.61,9513.45,2.43,474.84,4,2.5463,-59.9876,7.73,0.67,Medium,Forest,Sand,Summer,0
32.26,47.5,1023.13,9.4,4.4,739.48,1.33,4775.35,1.56,114.76,3,8.9615,-30.3212,7.14,20.16,Good,Urban,Clay,Summer,1
16.36,52.41,1016.6,24.47,2.63,1496.47,0.24,3788.71,6.56,383.87,8,18.5695,-108.5246,0.38,36.05,Medium,Agricultural,Loam,Summer,0
12.28,81.18,999.71,2.77,0.94,1059.67,0.68,9470.69,1.38,330.92,8,-25.9004,121.9996,2.71,4.85,Poor,Forest,Loam,Monsoon,0
21.76,51.74,1019.42,9.56,5.87,808.3,4.16,6290.85,3.52,27.74,0,-20.2937,101.2525,5.67,5.15,Medium,Urban,Loam,Spring,0
27.53,64.97,1000.93,20.4,0.67,1355.79,1.7,7253.34,4.19,363.77,0,-53.2051,66.7939,3.01,16.34,Medium,Urban,Loam,Winter,0
32.65,50.17,985.08,2.69,6.56,80.65,0.2,201.14,1.65,43.81,4,8.0604,-106.303,2.72,44.59,Medium,Urban,Clay,Spring,1
22.53,54.55,1004.28,14.18,4.37,1378.0,1.67,10285.53,0.52,466.14,4,-26.8387,-134.2679,3.02,29.88,Poor,Urban,Clay,Spring,1
25.3,56.56,1006.71,7.06,4.14,626.74,0.7,11027.69,7.03,104.36,6,-38.1261,29.3945,1.99,15.38,Good,Agricultural,Sand,Spring,0
8.91,37.77,1019.12,5.85,1.46,1818.46,0.21,832.37,0.54,170.75,7,-16.7165,60.9883,0.2,18.53,Poor,Forest,Rock,Winter,0
14.85,90.19,1048.73,2.9,19.82,1227.42,3.16,1375.43,1.88,381.62,2,-12.5378,40.1381,0.11,29.57,Medium,Urban,Clay,Spring,1
38.54,65.68,1015.89,5.49,2.54,52.89,0.82,14642.7,7.05,171.4,1,57.4291,62.0204,6.37,5.74,Good,Forest,Sand,Winter,1
35.03,88.11,1014.56,31.27,5.99,415.54,0.04,7243.3,4.35,127.73,4,-36.7782,-58.4107,0.32,9.05,Medium,Forest,Sand,Summer,1
12.57,50.91,1044.33,20.17,6.87,1715.53,1.37,2050.88,5.72,110.98,4,-43.6277,145.1151,0.52,37.14,Good,Forest,Loam,Monsoon,0
36.35,62.37,1006.23,28.3,3.33,925.24,3.07,12341.51,4.66,98.1,6,-54.1384,83.2396,0.1,39.59,Good,Urban,Sand,Winter,0
37.82,88.34,1011.74,4.28,11.14,940.95,1.5,14995.64,6.82,187.27,5,24.6043,168.4304,5.01,31.68,Good,Forest,Clay,Summer,1
31.49,62.82,1058.81,3.48,1.62,1000.46,0.35,5176.21,2.93,297.7,6,3.8968,171.1898,6.82,11.61,Medium,Forest,Clay,Monsoon,1
30.45,71.28,1032.25,5.98,9.77,1913.67,1.38,13979.87,4.87,273.81,6,-4.889,-156.0697,6.66,38.29,Poor,Forest,Sand,Winter,0
22.33,41.62,1027.26,13.7,2.38,946.35,1.99,13627.3,3.64,393.83,7,-19.8778,-133.0834,0.94,44.36,Poor,Forest,Clay,Winter,1
22.48,31.55,981.09,10.24,2.67,540.12,0.46,9844.94,3.62,98.03,0,-44.7281,102.84,4.52,38.64,Medium,Urban,Loam,Summer,0
28.02,56.74,994.08,31.42,2.0,1924.37,4.64,4128.71,6.53,497.85,4,-21.659,-174.5047,3.49,23.41,Poor,Urban,Sand,Spring,0
21.0,75.51,1017.94,10.6,15.64,6.04,0.57,13924.09,7.49,363.09,4,-29.8942,-114.7615,0.73,23.12,Good,Urban,Sand,Winter,0
15.0,52.13,1017.22,5.53,1.85,561.27,7.17,2385.14,6.0,10.2,4,59.9809,138.2671,2.88,43.57,Medium,Agricultural,Clay,Spring,1
11.21,54.95,1010.58,1.78,3.36,1587.69,2.17,1706.1,4.16,351.85,3,65.923,-145.8332,3.13,27.99,Medium,Forest,Loam,Spring,0
31.83,87.19,1037.71,1.36,9.81,1189.67,0.82,12256.24,6.52,424.4,0,28.3417,-155.8463,3.31,18.25,Medium,Agricultural,Loam,Spring,0
31.49,63.97,1019.64,7.81,12.57,1799.82,1.19,4188.75,3.45,200.0,3,69.9111,-83.5159,1.59,12.63,Medium,Agricultural,Clay,Spring,0
19.67,31.31,1006.66,16.33,0.74,1551.95,3.19,8115.0,2.82,81.07,5,36.2407,15.4229,3.22,40.83,Medium,Urban,Sand,Monsoon,0
30.75,40.83,1021.52,6.01,2.62,1374.93,0.58,9639.74,7.08,214.88,4,57.374,-37.9855,3.39,25.72,Good,Agricultural,Sand,Monsoon,0
27.18,99.02,1035.84,10.12,8.98,1599.53,0.85,3968.2,3.73,238.95,9,-6.7976,-75.8905,1.77,1.57,Good,Agricultural,Sand,Monsoon,0
22.74,49.28,1037.61,3.08,3.84,898.3,1.16,1457.95,5.89,114.73,2,-45.4272,-21.3243,7.69,22.48,Medium,Agricultural,Sand,Winter,0
28.85,31.78,992.46,0.66,1.25,1024.88,1.58,610.49,1.78,254.86,2,-41.3015,-176.673,5.68,24.02,Good,Urban,Loam,Summer,0
20.38,45.61,1007.84,2.08,2.79,1316.57,0.61,279.84,4.39,306.82,2,-5.9617,-14.5815,0.51,41.11,Medium,Agricultural,Loam,Monsoon,0
16.33,74.64,1026.22,7.05,6.32,1665.86,2.72,12713.76,0.98,25.49,4,28.7545,72.2731,7.21,37.06,Medium,Water,Loam,Monsoon,0
30.03,59.73,990.13,1.66,8.21,1020.49,7.58,4297.02,4.11,229.52,7,-39.1583,-78.424,3.41,12.94,Poor,Agricultural,Clay,Monsoon,0
31.11,79.55,1012.32,13.78,1.1,1554.59,3.57,5482.87,2.1,198.67,8,-45.2366,110.1642,3.34,33.15,Poor,Urban,Loam,Spring,1
27.14,93.53,979.35,18.74,3.37,74.1,1.53,10601.45,3.04,64.42,7,45.5576,-64.9723,6.17,15.81,Poor,Forest,Sand,Spring,0
24.34,53.91,1011.65,33.42,3.56,1255.11,0.88,4919.97,0.67,255.16,1,39.27,-87.0248,1.01,21.45,Medium,Water,Loam,Winter,0
23.0,58.14,1006.64,18.69,2.13,1309.24,2.47,8834.12,3.18,292.76,2,-20.8065,168.4875,1.89,28.23,Medium,Urban,Sand,Summer,0
27.25,34.31,1036.03,10.65,0.04,1559.92,2.2,4700.91,2.69,401.15,4,50.9719,-92.906,0.39,25.81,Good,Urban,Loam,Winter,0
20.37,94.41,1011.45,6.35,0.15,1379.64,1.31,1952.75,2.11,41.6,8,48.6234,102.2111,3.63,10.74,Good,Agricultural,Loam,Spring,0
33.07,80.14,1041.18,2.54,0.52,1833.61,1.64,2392.01,6.45,458.32,0,58.8403,16.7116,7.47,42.23,Medium,Urban,Clay,Summer,1
21.78,42.23,988.72,18.89,1.77,1197.13,1.4,873.04,7.57,268.34,8,-57.3335,-49.1191,1.27,15.23,Medium,Agricultural,Loam,Spring,0
14.33,31.95,1006.7,16.35,0.1,1661.38,0.31,14622.71,5.03,370.14,8,47.6456,-123.2998,0.31,27.68,Medium,Forest,Clay,Spring,1
14.09,41.99,1002.36,11.01,4.7,1287.1,0.18,13413.67,3.42,163.55,3,60.8039,-70.7568,3.12,38.86,Good,Agricultural,Rock,Spring,0
31.38,30.37,1001.9,8.32,2.07,645.37,2.07,12787.12,5.07,428.05,8,40.7709,109.3087,5.24,42.93,Medium,Urban,Sand,Monsoon,0
12.72,48.57,1044.18,1.84,5.92,1290.8,2.33,5650.66,2.47,382.26,7,-58.5193,70.7426,5.1,24.9,Medium,Water,Loam,Monsoon,0
20.23,63.36,990.84,3.51,3.62,330.74,7.61,1708.08,7.49,457.65,0,-15.7251,-71.5828,3.49,28.35,Medium,Forest,Loam,Summer,0
23.24,37.26,1010.45,16.76,0.2,1317.89,0.64,13086.03,4.14,159.73,9,45.0355,-47.4892,6.98,22.84,Poor,Urban,Clay,Spring,1
25.14,57.42,1004.66,8.61,6.06,1268.18,8.35,2160.15,3.72,218.17,8,14.2716,163.1249,0.24,17.88,Medium,Agricultural,Sand,Spring,0
29.74,90.14,1014.99,2.59,1.24,402.35,5.11,12804.73,6.31,202.44,7,5.6536,-169.0212,3.71,11.4,Poor,Agricultural,Loam,Summer,0
35.93,84.89,998.25,14.41,6.41,409.01,0.82,7100.7,2.98,379.92,9,51.0221,108.8855,5.87,28.13,Poor,Urban,Clay,Spring,1
31.91,87.0,1010.94,7.33,7.38,1045.39,0.34,1958.57,1.91,181.95,7,-31.0556,78.2653,1.16,36.51,Good,Forest,Sand,Summer,0
44.41,99.02,1001.51,27.77,9.91,1778.26,1.26,9895.92,7.21,202.55,9,62.0842,-90.0005,4.68,31.02,Medium,Agricultural,Loam,Summer,0
24.03,85.53,1041.77,4.46,13.96,1067.86,1.81,567.29,1.78,320.14,7,-6.8044,15.9048,2.84,18.32,Medium,Forest,Clay,Summer,0
38.11,58.13,1034.57,23.97,5.08,1538.34,0.92,14404.18,6.65,428.43,7,-24.7818,127.9469,2.17,12.85,Poor,Urban,Clay,Spring,0
27.34,30.4,1040.55,5.61,2.62,227.89,2.25,10561.25,5.91,366.95,4,48.1286,-10.8723,2.49,44.29,Medium,Agricultural,Sand,Spring,0
15.46,65.39,1015.6,5.33,10.47,252.11,4.16,7731.94,3.53,89.36,2,15.7924,147.2104,5.5,35.64,Good,Urban,Sand,Spring,0
31.99,89.26,1014.57,1.36,0.49,1178.53,1.52,4069.03,7.25,464.41,5,-44.3557,-144.5266,3.59,11.52,Medium,Urban,Clay,Winter,0
13.04,38.85,1036.2,5.35,0.07,1682.09,1.44,2173.48,2.28,229.51,4,-54.4965,48.0727,1.6,13.84,Poor,Urban,Loam,Summer,0
28.96,39.08,1001.07,6.05,3.54,1374.78,2.01,12179.74,0.84,155.26,4,-31.4495,63.888,7.66,14.32,Medium,Urban,Clay,Winter,0
14.32,99.77,1030.39,22.37,3.6,1650.64,3.38,14028.5,6.81,325.4,3,-31.2049,4.3284,6.56,18.18,Medium,Forest,Loam,Winter,0
26.93,96.04,1019.03,1.04,1.54,990.11,3.75,7626.97,6.11,78.09,9,-8.3585,-83.2677,3.95,39.63,Medium,Agricultural,Loam,Winter,0
36.96,96.33,1012.27,4.4,1.44,1232.43,1.38,14838.87,3.97,46.42,5,57.5987,-57.3599,6.75,8.02,Medium,Water,Sand,Spring,0
18.56,71.32,1023.98,11.88,2.11,1387.76,4.31,7134.54,3.37,133.07,3,-8.4894,-33.6148,7.04,14.61,Medium,Urban,Loam,Summer,0
45.92,42.57,1021.05,13.28,1.05,226.95,1.58,10668.53,0.88,44.0,1,42.8759,29.292,4.25,36.25,Medium,Urban,Clay,Winter,0
31.53,58.66,991.83,20.9,1.77,23.74,0.72,8713.32,3.32,272.09,3,26.424,-57.9129,7.03,36.57,Poor,Forest,Loam,Spring,0
32.73,67.77,997.37,1.38,3.74,791.47,0.4,12638.58,0.58,162.94,0,9.5241,-108.4217,3.26,10.45,Medium,Urban,Loam,Winter,0
18.82,71.87,1011.84,3.07,3.75,1034.92,5.16,8281.34,4.87,206.81,8,49.7472,-24.3373,6.22,12.84,Good,Agricultural,Clay,Monsoon,0
16.55,80.79,992.0,2.61,0.0,1430.47,0.38,1656.79,2.28,196.15,3,13.1422,-131.5023,0.11,27.06,Poor,Agricultural,Loam,Summer,0
20.15,77.12,1008.89,17.44,1.82,1980.35,0.16,9960.68,3.86,228.83,9,60.3525,147.3354,6.51,42.96,Medium,Urban,Sand,Monsoon,0
22.12,37.42,1025.45,1.19,1.72,1228.37,3.26,13498.83,5.18,12.76,6,22.8963,-73.417,3.46,22.65,Medium,Urban,Loam,Monsoon,0
43.24,36.65,999.09,30.06,19.66,1090.91,5.99,2773.73,0.69,29.31,2,9.2003,-152.6862,1.28,24.5,Medium,Agricultural,Clay,Summer,1
5.97,52.56,1026.4,9.43,13.99,1343.49,0.16,6964.21,7.18,56.29,4,65.3127,-123.9569,2.86,32.82,Poor,Urban,Clay,Monsoon,1
19.47,34.85,1016.3,2.36,1.71,1573.09,0.35,756.97,3.45,214.03,9,-44.9622,160.6552,3.76,42.95,Medium,Agricultural,Loam,Winter,0
40.43,71.08,1013.93,17.88,0.38,1381.4,1.53,5749.5,3.05,314.21,9,-19.5212,133.8472,6.75,22.03,Poor,Urban,Loam,Summer,0
21.15,40.97,999.71,30.56,2.6,674.44,0.03,2385.92,3.66,43.57,5,25.7744,-19.459,3.64,34.52,Poor,Agricultural,Loam,Spring,0
36.83,45.95,1015.05,6.74,2.22,1655.66,0.05,3733.26,1.64,431.0,7,66.3502,126.0963,3.23,20.23,Medium,Urban,Clay,Winter,1
23.13,94.25,977.38,4.9,4.14,1605.93,1.11,3579.77,7.96,478.72,4,58.7437,-80.7996,5.51,13.27,Good,Water,Loam,Winter,0
29.59,36.54,992.03,7.09,0.89,832.7,3.58,14808.8,2.88,270.66,0,-30.7647,7.0016,1.3,11.22,Medium,Water,Clay,Monsoon,0
12.15,48.38,1020.9,0.4,1.82,1489.21,0.1,3367.5,5.8,393.5,2,24.4392,-27.2715,4.12,30.86,Medium,Urban,Sand,Monsoon,0
34.52,35.23,994.29,24.59,0.1,1924.7,1.24,6248.78,2.42,14.93,7,-8.8641,124.7583,7.74,19.74,Medium,Forest,Clay,Monsoon,0
29.57,45.05,1025.57,12.57,8.05,692.21,0.38,139.22,3.88,182.69,1,-5.1719,-127.1514,1.74,29.15,Medium,Urban,Loam,Spring,0
21.88,66.3,1019.22,15.1,1.51,325.83,0.82,8365.02,4.81,74.13,3,1.0551,101.8563,1.11,33.67,Medium,Agricultural,Loam,Spring,0
15.95,78.16,1030.75,15.72,1.83,72.07,5.4,5243.18,1.3,251.01,2,-28.4471,177.0023,1.77,12.13,Poor,Forest,Rock,Spring,0
29.62,83.26,988.42,42.71,0.99,1532.05,0.83,2716.83,3.66,398.98,1,-8.1158,41.5443,4.3,44.78,Medium,Urban,Loam,Winter,0
23.16,44.78,1016.0,6.97,0.1,505.71,1.46,322.92,2.48,261.88,5,-17.4327,-131.1003,6.95,42.03,Poor,Agricultural,Rock,Summer,0
10.9,47.95,1000.21,9.01,0.08,519.1,2.17,577.73,1.12,153.76,4,-0.1498,-48.8124,5.57,26.82,Medium,Agricultural,Loam,Monsoon,0
36.74,63.3,1012.39,7.69,7.37,1322.53,1.05,13441.65,1.72,497.8,4,42.6017,-50.9373,0.4,6.99,Poor,Water,Loam,Summer,0
33.38,87.06,1026.05,0.89,4.88,13.57,0.09,13569.3,4.46,370.59,5,-16.3239,-124.3824,6.95,21.75,Medium,Urban,Loam,Monsoon,0
31.69,53.46,1039.58,0.35,1.7,1536.9,0.46,10711.6,4.85,94.21,6,33.6864,19.7304,0.47,16.75,Medium,Forest,Sand,Winter,1
30.77,86.27,1019.39,2.03,1.75,1434.1,0.18,12196.74,5.89,367.51,9,52.0873,87.3831,4.59,9.91,Medium,Forest,Sand,Winter,0
34.08,55.91,1050.13,0.19,0.68,1508.46,1.28,2332.59,2.48,474.44,1,-57.338,7.875,2.44,24.44,Medium,Urban,Loam,Monsoon,0
19.28,69.74,1033.93,39.94,11.42,1905.33,0.98,11825.23,5.15,50.54,0,48.8129,-151.5953,1.59,3.59,Poor,Forest,Clay,Winter,0
30.96,67.12,1015.41,4.36,7.98,885.7,0.77,10876.12,6.51,397.94,2,2.9546,17.9924,4.7,25.68,Medium,Forest,Loam,Spring,0
24.29,43.04,999.23,6.64,8.86,1901.22,2.01,5373.19,5.02,162.88,6,-31.4001,-7.4821,7.63,27.37,Medium,Urban,Clay,Monsoon,1
32.28,88.45,1012.33,1.59,6.16,870.93,0.58,10335.38,6.07,98.15,2,23.7028,94.6616,6.93,1.44,Medium,Agricultural,Loam,Winter,0
22.3,30.49,1013.04,2.75,0.53,520.42,0.39,524.95,7.32,14.03,1,-23.7189,28.5767,0.27,31.61,Poor,Urban,Sand,Winter,0
19.76,83.9,992.75,20.16,3.66,1986.45,0.02,4563.93,5.17,239.95,7,23.557,141.3873,2.94,1.15,Good,Agricultural,Sand,Monsoon,0
16.5,87.48,1002.18,24.62,3.85,1455.53,0.26,9167.17,5.77,231.86,5,56.9814,114.625,7.02,33.43,Good,Urban,Clay,Summer,1
43.04,70.48,1020.84,3.0,11.97,42.34,0.86,10812.99,6.25,213.9,5,38.4484,-98.2795,5.73,18.75,Poor,Urban,Sand,Winter,0
35.71,80.46,977.79,2.76,0.92,1944.19,1.92,14723.09,3.03,354.49,5,27.7746,47.9924,2.73,24.37,Medium,Forest,Clay,Spring,0
31.46,82.29,989.36,24.76,15.87,21.05,9.29,10276.97,5.33,17.45,7,23.9754,-23.4714,6.7,0.7,Poor,Urban,Sand,Spring,0
33.91,77.51,1021.52,0.67,1.84,575.96,4.93,13029.95,3.28,44.87,1,-9.1208,139.9296,4.15,38.61,Poor,Urban,Clay,Winter,1
19.14,93.1,998.2,17.95,4.03,1232.22,1.29,5935.83,7.37,71.55,3,53.5775,-13.7396,3.24,20.05,Poor,Urban,Sand,Summer,0
40.19,62.85,1021.44,5.79,2.96,821.84,1.55,3831.61,7.18,173.21,2,-37.8272,-130.9559,6.79,39.36,Medium,Urban,Clay,Winter,1
26.42,83.39,1019.98,2.25,1.33,1042.54,0.38,4650.93,2.91,88.22,8,34.6859,-7.8851,5.78,29.01,Medium,Agricultural,Loam,Winter,0
14.83,79.38,1013.18,3.45,1.66,476.58,4.16,13032.67,5.23,241.76,0,-25.9721,4.5327,6.32,8.72,Medium,Agricultural,Sand,Winter,0
19.42,88.2,1035.76,3.21,3.95,428.01,1.29,4840.81,2.5,483.82,3,49.0764,155.312,6.0,4.47,Medium,Water,Loam,Winter,0
28.02,42.9,1007.95,2.4,1.58,608.49,1.45,10730.51,7.45,53.33,4,-1.3262,-41.6901,3.18,13.96,Medium,Water,Clay,Winter,0
33.85,55.23,1021.3,5.63,2.63,749.46,5.19,12451.06,1.32,62.98,4,26.811,-158.6382,1.31,43.0,Medium,Agricultural,Loam,Summer,0
26.85,40.81,1042.54,2.89,6.71,1612.16,0.65,5582.98,1.08,359.6,8,58.0736,-68.5866,7.26,10.61,Good,Urban,Rock,Spring,0
10.5,45.64,1065.61,12.23,1.06,1105.68,0.58,14338.76,0.71,107.87,6,-20.9104,18.2676,0.48,36.56,Poor,Agricultural,Sand,Summer,1
19.21,81.77,981.35,34.58,3.04,1659.04,7.38,13114.75,2.2,13.94,1,-22.9923,95.4551,4.25,9.06,Medium,Urban,Loam,Monsoon,0
28.85,71.96,999.32,0.59,7.51,766.16,0.8,6776.32,3.1,175.76,4,5.4197,-12.6777,2.92,40.7,Good,Forest,Clay,Monsoon,1
30.46,79.56,1026.09,2.93,9.91,1786.89,0.43,2043.79,7.82,435.48,6,24.0322,16.3306,7.09,24.38,Poor,Agricultural,Sand,Monsoon,0
14.63,49.51,1012.35,1.73,1.09,1945.95,0.33,4112.13,4.93,308.99,8,-29.1487,-76.0801,6.35,35.33,Good,Agricultural,Loam,Spring,0
14.43,61.38,1018.01,9.19,1.98,1561.89,3.67,4921.78,6.79,60.75,4,69.9174,61.3273,2.37,40.03,Good,Agricultural,Loam,Summer,0
27.15,95.17,1007.08,9.77,2.11,308.03,0.62,3905.62,5.1,473.07,8,-23.0721,136.9974,0.01,27.01,Medium,Urban,Clay,Spring,1
22.8,62.27,988.8,0.21,0.08,1040.43,2.38,14137.92,1.84,60.6,2,50.8918,110.1341,4.19,25.74,Poor,Agricultural,Sand,Summer,1
7.27,47.61,1009.09,11.86,7.34,489.58,0.1,12746.42,0.57,469.19,9,-56.6747,106.8151,4.27,6.35,Medium,Agricultural,Sand,Monsoon,0
43.58,85.28,995.85,2.42,0.34,1063.65,0.13,11521.7,5.89,442.04,4,-44.1936,20.1806,5.7,12.31,Medium,Forest,Loam,Summer,0
38.33,79.42,1019.14,7.64,5.68,1747.12,1.13,6250.17,6.23,295.45,4,14.6136,127.253,6.94,1.94,Medium,Urban,Loam,Summer,1
25.8,87.37,1022.97,17.45,0.34,341.72,0.75,4878.42,5.44,315.34,8,-3.3994,-35.3165,2.37,7.17,Medium,Forest,Loam,Monsoon,0
21.57,97.99,1029.15,1.25,15.88,182.02,0.53,794.04,5.79,426.65,5,49.9045,-73.1519,4.72,28.35,Medium,Water,Rock,Winter,0
26.19,58.69,1009.57,46.89,3.2,1107.67,1.51,4893.88,1.06,448.87,6,17.1794,50.2622,3.85,25.34,Medium,Urban,Sand,Spring,0
25.76,44.74,999.86,29.73,2.04,650.44,5.14,6318.48,7.72,21.84,6,-41.7916,-54.6211,4.29,33.83,Medium,Forest,Rock,Winter,0
21.29,50.35,991.7,9.54,11.65,1924.58,2.12,12588.57,4.44,112.08,1,-7.3295,-70.4276,4.63,27.78,Medium,Agricultural,Loam,Winter,0
19.94,59.37,1023.08,6.64,1.48,1057.08,0.69,10343.78,4.03,234.82,4,-18.5814,142.1097,3.14,16.3,Medium,Agricultural,Clay,Monsoon,1
31.05,80.04,1023.48,13.1,3.59,1424.24,1.1,9807.19,2.44,44.18,5,-32.0471,-106.3463,0.79,40.9,Poor,Urban,Loam,Winter,0
20.21,63.31,995.62,30.87,1.42,1463.29,1.16,4537.93,3.92,44.89,1,-54.9798,-133.8204,2.47,44.64,Poor,Agricultural,Loam,Spring,1
20.27,39.31,1020.88,0.23,0.26,527.35,0.13,5596.3,6.75,169.9,2,12.1524,-76.6035,5.3,5.23,Good,Agricultural,Rock,Spring,0
31.23,46.18,990.55,7.11,10.94,1387.52,1.0,5649.79,3.92,96.75,3,18.5041,-127.6861,4.42,1.13,Medium,Agricultural,Sand,Winter,0
5.15,72.79,1009.29,0.45,6.97,158.26,2.14,375.01,6.74,95.6,4,18.8052,20.7953,0.12,19.19,Medium,Urban,Loam,Spring,0
35.13,33.35,993.58,5.24,6.1,453.74,3.17,9498.62,4.91,183.24,9,4.4454,97.7148,1.8,44.98,Poor,Agricultural,Clay,Monsoon,1
23.33,64.57,988.58,3.74,3.29,635.09,0.89,10073.03,5.24,123.81,4,-3.6774,-44.3318,6.9,22.91,Medium,Agricultural,Clay,Monsoon,1
16.29,66.8,1048.37,29.41,4.52,1315.77,0.13,2573.32,2.76,274.3,3,-44.6627,119.9554,5.15,34.09,Medium,Forest,Loam,Monsoon,0
23.11,33.87,957.22,30.93,0.69,1394.92,1.41,481.92,7.44,427.4,4,-52.2163,166.2,7.75,8.98,Medium,Agricultural,Clay,Monsoon,0
35.34,66.59,1004.5,7.99,0.51,264.66,2.26,10158.19,7.84,358.86,8,-1.5915,-76.6407,6.86,4.7,Poor,Agricultural,Sand,Monsoon,0
16.9,77.1,1010.91,5.66,8.48,392.57,0.46,9721.82,6.85,241.38,1,-23.4852,147.6798,4.98,26.33,Medium,Forest,Sand,Spring,0
19.4,57.11,1008.81,9.17,3.6,1389.08,0.11,4339.66,6.64,49.15,1,19.5872,-124.9606,6.68,16.24,Poor,Urban,Clay,Summer,1
35.82,75.94,1021.28,9.38,2.65,947.62,1.07,12648.27,2.23,12.8,7,20.5956,12.8213,2.35,11.43,Poor,Urban,Loam,Summer,0
4.39,37.47,1001.57,25.67,8.17,460.17,0.59,577.07,2.73,296.46,6,51.5802,-6.9333,0.45,26.61,Poor,Urban,Sand,Winter,0
30.74,98.72,1007.76,4.31,1.51,1093.83,0.41,586.1,7.59,463.61,4,50.8843,-66.5799,5.62,25.07,Medium,Forest,Sand,Winter,0
26.98,76.02,990.5,2.16,2.48,1893.13,0.57,10058.57,6.05,229.58,3,-27.1348,93.1585,2.54,31.69,Medium,Urban,Sand,Monsoon,0
26.62,47.76,992.04,16.16,0.36,1377.91,0.38,8986.14,6.77,379.99,2,13.331,11.891,5.59,11.57,Poor,Forest,Sand,Spring,0
31.97,77.32,1019.54,4.42,3.59,1351.49,6.45,3879.67,7.06,462.8,3,-55.962,142.3427,1.55,40.14,Poor,Agricultural,Clay,Monsoon,0
24.03,36.54,1037.33,12.27,3.36,381.9,0.03,6328.17,1.14,56.14,5,-51.0316,168.6353,5.04,23.85,Good,Urban,Clay,Winter,0
24.2,84.09,973.61,1.84,7.29,1498.89,1.55,13001.05,1.49,301.78,3,-11.6036,-141.0657,3.38,11.37,Poor,Urban,Loam,Spring,0
16.95,68.64,998.45,4.42,16.91,1927.1,1.17,11946.8,0.6,278.43,6,69.4989,-61.3648,1.05,36.86,Medium,Agricultural,Loam,Summer,0
11.1,75.27,1055.04,30.53,7.91,80.03,0.81,7111.12,2.86,353.09,7,69.0722,-154.0993,0.09,2.69,Poor,Urban,Rock,Summer,0
23.37,92.84,1014.15,7.33,3.14,1721.45,6.12,6409.04,1.79,409.7,8,-2.8906,88.5896,4.23,33.92,Poor,Urban,Loam,Spring,0
22.25,61.36,1035.84,19.06,7.47,576.3,0.78,10215.29,4.72,89.49,1,-12.6095,102.9962,2.05,29.73,Poor,Urban,Clay,Spring,1
23.41,31.0,1008.88,15.24,8.36,324.04,2.69,6559.82,2.3,314.48,4,26.1539,61.9578,7.54,8.08,Poor,Urban,Loam,Winter,0
19.28,44.61,1014.11,6.65,0.45,1686.66,2.53,14160.14,5.7,470.8,3,-24.4189,-117.1082,2.98,12.6,Medium,Urban,Loam,Monsoon,0
15.94,67.48,997.96,25.12,5.79,1488.83,3.6,5339.36,0.97,315.05,5,41.873,-71.3379,4.55,33.28,Medium,Agricultural,Loam,Winter,0
24.82,47.92,1009.39,1.28,12.12,1995.92,0.4,672.66,2.56,419.08,0,-4.1756,-21.1364,3.46,30.06,Poor,Forest,Loam,Winter,0
38.69,95.99,1000.09,3.11,2.9,1591.95,1.88,1747.74,5.21,101.51,4,0.1243,-79.4007,4.23,39.43,Poor,Agricultural,Clay,Summer,1
23.84,54.58,1043.84,4.48,9.56,1107.55,2.53,13465.87,7.26,170.97,4,56.4539,-81.1307,0.2,16.96,Poor,Urban,Loam,Summer,0
27.48,44.31,1027.03,26.98,1.54,299.79,0.19,8494.42,1.35,78.0,6,39.5213,-155.112,0.35,11.01,Poor,Agricultural,Loam,Monsoon,0
26.14,33.32,1001.99,9.49,1.28,1809.31,1.29,3436.68,6.9,134.48,8,-6.6787,-54.8404,6.67,13.9,Poor,Urban,Loam,Monsoon,0
27.1,99.14,1010.59,6.41,8.11,1473.37,0.71,972.58,1.57,420.76,2,-13.6968,160.9515,4.82,20.47,Medium,Forest,Clay,Spring,0
20.43,38.02,975.9,18.14,0.14,1667.98,0.3,13309.81,5.97,90.69,1,16.7406,87.4807,3.7,7.09,Good,Agricultural,Sand,Monsoon,0
16.81,60.66,1012.65,18.48,4.54,1448.92,0.41,14468.63,3.53,330.28,6,37.6493,32.3207,0.88,41.49,Medium,Forest,Loam,Summer,0
20.5,98.7,1045.09,4.3,12.74,1865.93,0.55,11993.5,3.75,459.59,0,32.0415,132.6465,1.53,39.73,Medium,Urban,Sand,Spring,0
14.31,71.87,991.49,5.73,19.78,712.51,1.9,4743.6,7.93,228.1,6,29.4379,-63.7868,2.03,34.36,Medium,Urban,Sand,Winter,0
27.44,43.43,1035.96,8.7,3.53,797.28,0.25,6308.96,1.05,58.4,0,15.4675,34.038,0.7,30.74,Poor,Urban,Loam,Summer,0
20.99,71.62,1017.64,8.9,5.76,739.86,1.19,5016.54,6.56,74.0,0,4.4592,154.9525,6.54,22.85,Good,Agricultural,Clay,Monsoon,1
18.64,88.21,956.55,22.64,2.68,35.41,3.96,2696.75,5.16,22.24,4,-12.6422,-97.0018,3.45,29.17,Medium,Forest,Clay,Monsoon,0
12.87,95.2,998.22,11.5,1.52,1290.06,3.78,6084.29,6.72,85.66,8,-36.2538,39.5527,3.46,31.63,Medium,Urban,Loam,Monsoon,0
41.44,41.59,1043.86,5.15,2.1,801.81,2.86,7289.82,7.55,153.9,1,-14.8074,167.4507,6.39,6.15,Medium,Urban,Sand,Monsoon,0
26.3,91.58,972.33,4.39,0.58,1897.87,1.34,7591.48,5.16,11.73,1,36.2047,45.9721,6.84,17.17,Medium,Urban,Loam,Winter,0
25.95,82.95,998.42,1.17,9.11,1111.02,2.34,14573.89,1.13,451.6,1,-14.1303,52.3191,2.8,10.1,Medium,Agricultural,Sand,Summer,0
24.45,51.11,997.36,9.49,0.22,243.53,4.01,8538.04,5.84,422.57,3,13.4257,129.935,5.43,27.31,Good,Urban,Loam,Summer,0
23.46,86.59,1034.01,3.06,0.02,990.92,0.21,11340.2,2.57,227.39,7,57.5633,-133.9943,2.93,1.66,Good,Forest,Sand,Summer,0
24.72,81.79,1010.67,7.13,1.4,670.22,3.98,7930.69,4.46,481.12,5,53.4635,106.9156,2.69,13.24,Medium,Urban,Clay,Monsoon,0
21.15,85.21,1037.0,4.33,0.91,66.79,0.97,13563.03,2.29,111.19,8,60.7445,-69.4799,2.9,9.79,Medium,Agricultural,Clay,Winter,1
28.67,70.11,1039.24,6.13,1.62,928.14,1.2,8797.94,2.61,48.02,7,-10.4558,40.9364,7.08,14.38,Medium,Forest,Sand,Winter,0
38.31,48.87,1003.48,1.06,2.17,805.95,0.03,12240.4,3.19,294.4,1,-52.9324,-119.3326,6.1,19.32,Medium,Agricultural,Sand,Monsoon,0
24.45,78.71,1009.77,30.18,0.4,56.97,4.31,11247.36,7.94,204.43,1,20.1949,12.2766,1.76,13.93,Poor,Urban,Clay,Monsoon,0
24.58,34.12,1026.07,13.07,1.99,1306.98,0.66,8604.08,6.29,464.72,8,-44.7286,-115.3105,0.36,7.56,Good,Forest,Sand,Winter,0
14.91,56.75,1037.3,9.02,0.36,511.77,0.44,336.81,4.53,284.92,8,-42.4943,6.7014,2.15,29.34,Medium,Urban,Loam,Winter,1
28.97,69.33,1003.56,3.07,0.7,993.35,1.05,10513.4,7.28,404.57,1,60.7877,-14.8821,7.03,37.5,Medium,Forest,Sand,Winter,1
37.32,70.82,1004.45,27.47,10.11,665.3,0.18,14169.43,4.38,46.45,2,26.0825,74.4061,5.12,20.14,Good,Water,Sand,Winter,0
22.87,32.97,1019.46,1.74,2.42,438.53,0.73,14631.88,5.78,358.97,4,15.2618,-25.2517,6.97,39.15,Medium,Agricultural,Clay,Winter,1
33.63,45.75,1011.28,6.48,0.71,790.15,0.39,5518.05,3.3,496.65,3,-39.1501,77.5645,4.62,23.73,Medium,Water,Sand,Winter,0
35.44,45.54,1017.82,4.2,7.42,1140.92,0.19,6509.77,4.9,455.66,6,-15.8371,156.9439,6.54,13.07,Poor,Urban,Sand,Winter,0
25.52,37.0,1029.55,8.88,7.53,186.66,0.38,283.13,4.95,444.5,8,57.3901,113.0646,7.86,2.84,Medium,Water,Clay,Winter,0
28.05,38.4,1043.91,7.59,2.21,1584.43,2.84,13668.13,0.61,406.46,0,-49.4337,-172.4957,6.31,5.86,Medium,Agricultural,Rock,Summer,0
33.98,95.57,1021.58,16.25,2.78,1269.83,3.88,7410.08,2.13,93.16,6,64.5985,165.1517,0.95,38.23,Medium,Agricultural,Loam,Summer,0
23.06,63.64,981.23,8.23,8.52,1383.76,2.18,7948.51,1.22,206.98,2,2.124,-25.2422,6.05,35.1,Poor,Water,Loam,Spring,0
30.1,87.61,1003.5,2.63,0.52,1958.84,0.7,13076.29,0.53,20.3,7,36.6393,113.6099,4.75,23.31,Medium,Forest,Sand,Winter,0
30.04,94.11,1019.59,3.25,1.04,522.57,2.78,5613.86,1.8,58.21,7,-42.8958,-162.2549,5.77,44.7,Medium,Agricultural,Loam,Monsoon,0
31.95,97.75,1013.46,18.78,1.85,392.43,1.59,6849.92,7.08,59.02,0,28.2957,134.3678,3.55,11.07,Medium,Agricultural,Sand,Summer,1
32.6,76.45,1025.07,1.64,0.55,1145.72,1.03,6493.56,7.76,364.72,8,-46.9427,-123.9875,6.2,42.61,Good,Urban,Rock,Spring,0
28.03,52.19,1009.67,10.62,0.42,484.66,2.97,7977.42,7.46,220.09,1,-45.0121,153.9514,4.21,35.62,Good,Urban,Loam,Summer,0
28.27,94.09,1008.29,3.99,6.11,1351.49,3.29,4517.99,4.33,337.16,1,-19.795,0.8635,4.52,20.16,Medium,Agricultural,Sand,Winter,0
29.67,69.01,1004.3,2.32,4.88,715.43,3.72,6854.17,5.95,56.81,3,-29.8601,-141.053,7.95,30.55,Medium,Forest,Loam,Monsoon,0
12.14,45.84,980.58,0.17,4.28,424.83,0.47,1968.18,1.92,25.58,2,-18.0043,-13.039,7.82,38.85,Medium,Urban,Rock,Summer,0
26.66,31.68,986.06,14.45,4.35,1251.18,0.11,3244.47,1.06,151.57,2,-27.1679,88.3629,0.56,19.82,Medium,Agricultural,Sand,Monsoon,0
14.65,93.0,988.0,0.51,2.16,237.34,0.06,1781.75,3.73,346.61,1,-4.5481,-113.0568,6.07,13.37,Poor,Agricultural,Clay,Winter,0
24.59,86.14,996.82,15.56,7.14,697.99,1.21,8965.03,7.8,170.5,2,15.2304,-105.515,1.81,26.07,Medium,Agricultural,Sand,Spring,0
21.13,32.49,1025.01,16.32,4.78,201.76,1.77,6837.52,6.31,112.45,2,-58.0617,-133.4149,5.19,1.27,Poor,Forest,Sand,Spring,0
12.12,30.96,1028.06,0.81,2.49,307.95,0.95,9459.92,4.6,123.28,3,37.9177,19.224,4.91,38.74,Medium,Urban,Loam,Spring,0
35.02,32.66,1035.73,9.3,3.32,211.56,0.65,13365.69,4.62,212.57,0,23.0888,115.4817,6.58,41.57,Poor,Water,Clay,Summer,0
31.46,97.86,1012.22,6.98,0.97,1317.25,7.41,13094.99,6.96,467.57,2,6.1703,176.9752,1.86,27.76,Good,Agricultural,Sand,Summer,0
22.61,35.27,999.16,0.76,1.09,970.51,3.07,7333.89,3.02,50.35,0,-30.1536,-116.7084,6.8,16.0,Medium,Urban,Clay,Monsoon,1
37.71,32.74,1016.58,27.48,0.5,1348.05,0.29,13210.59,4.33,50.32,6,26.8218,100.2791,1.68,43.65,Medium,Forest,Loam,Monsoon,0
35.8,87.64,1062.23,40.02,2.65,1526.78,0.21,11674.79,3.29,29.3,1,14.0773,-119.6561,6.33,29.18,Good,Water,Clay,Spring,1
28.52,96.15,1036.55,10.4,1.22,1457.28,2.08,14787.6,2.1,302.96,5,-58.5138,-26.1178,2.34,3.66,Medium,Water,Sand,Summer,0
45.24,36.7,1008.44,4.83,14.43,1179.01,0.84,9422.44,7.33,144.26,3,27.0325,-173.8254,2.62,19.03,Good,Agricultural,Loam,Summer,0
24.79,62.23,1010.45,23.75,11.22,1932.19,4.33,222.19,5.31,43.44,2,-34.6981,40.6718,0.9,41.04,Good,Agricultural,Rock,Summer,0
25.02,85.53,985.5,1.63,5.39,647.16,0.83,9962.57,4.0,407.9,4,25.2995,127.7732,0.51,8.73,Poor,Urban,Sand,Spring,0
20.8,62.47,1021.1,14.91,2.06,1266.21,0.1,9169.46,1.64,416.99,8,64.0799,125.8121,3.36,34.43,Good,Forest,Clay,Winter,1
28.29,73.74,1028.5,0.15,6.89,183.07,0.6,8317.21,3.89,17.73,0,-26.0949,65.7878,3.61,43.13,Good,Agricultural,Loam,Winter,0
16.12,67.49,1019.46,2.62,6.81,1056.12,1.06,4105.08,7.99,45.14,2,-44.348,-135.7956,4.61,30.85,Medium,Urban,Sand,Summer,0
32.9,68.26,1035.28,12.07,13.72,1331.35,0.62,8601.34,3.82,282.65,6,68.1764,-162.3407,2.14,29.07,Good,Forest,Clay,Winter,1
16.9,47.11,1002.3,17.89,4.76,1826.49,0.53,1904.96,0.55,258.85,4,53.9916,101.42,5.56,13.88,Poor,Agricultural,Sand,Spring,0
5.11,50.22,992.21,1.89,7.18,1980.22,3.01,4509.46,2.34,116.66,2,-0.9887,-103.6219,2.61,34.05,Poor,Agricultural,Loam,Monsoon,0
19.76,61.84,1010.95,15.87,2.46,767.16,0.03,6921.75,0.69,289.47,1,43.0773,109.5827,0.51,10.18,Poor,Urban,Clay,Spring,0
29.45,83.58,1054.08,18.33,8.22,33.08,0.41,9858.09,3.32,491.42,5,-18.2242,176.2433,1.61,38.88,Poor,Forest,Loam,Summer,0
24.69,72.29,1018.0,0.56,9.23,1296.34,1.04,340.93,4.94,16.2,4,-35.0546,55.1778,4.93,8.51,Poor,Urban,Clay,Monsoon,0
17.34,36.25,1030.29,0.82,2.78,1891.69,0.49,3925.45,1.26,306.73,8,35.3626,-29.6272,3.76,0.88,Medium,Urban,Rock,Summer,0
36.13,50.57,1020.93,14.1,2.41,822.32,2.23,11785.86,5.5,450.94,5,-43.0754,168.2349,0.48,26.17,Good,Urban,Clay,Monsoon,1
25.37,57.15,1002.58,1.07,8.1,1830.15,2.83,12354.09,2.12,139.15,7,26.708,-95.8713,5.48,24.02,Medium,Urban,Clay,Monsoon,1
23.34,84.27,977.63,16.18,5.24,935.5,1.71,5836.73,1.45,198.95,2,52.6104,140.552,4.83,40.3,Poor,Urban,Clay,Summer,1
19.81,39.48,1017.63,1.69,4.98,1470.83,3.93,14115.48,2.01,161.79,5,17.9079,-151.6143,0.32,21.56,Poor,Urban,Loam,Summer,1
22.11,88.99,1005.58,3.35,6.27,1135.68,7.55,4165.06,1.69,35.5,4,30.1414,150.1364,1.32,9.18,Medium,Urban,Clay,Summer,0
31.19,30.55,995.54,7.75,7.89,532.46,1.85,10066.61,5.41,228.47,3,-39.29,-5.8099,0.86,38.8,Poor,Agricultural,Loam,Summer,0
35.09,40.55,1031.23,21.47,0.91,445.57,0.27,6661.35,7.16,133.7,0,-37.5201,65.7925,7.37,28.78,Medium,Forest,Loam,Monsoon,0
31.12,40.56,1042.55,18.08,13.74,273.93,1.34,3957.44,6.16,363.6,1,1.9224,-162.0062,6.34,33.42,Medium,Forest,Sand,Monsoon,0
18.21,88.61,1014.02,9.49,0.95,41.48,0.06,7659.75,6.01,69.21,0,-31.6861,-62.208,4.56,13.77,Medium,Urban,Clay,Summer,0
30.97,82.37,1016.13,10.98,4.37,975.9,0.41,13431.19,2.36,54.74,6,-56.323,-130.6555,1.4,16.74,Poor,Urban,Loam,Winter,0
22.65,52.78,1020.67,1.63,4.85,839.74,1.9,11448.96,4.59,317.54,0,46.9875,31.1722,2.47,7.27,Medium,Agricultural,Sand,Spring,0
30.71,44.44,1042.12,1.57,0.64,1255.6,0.0,372.96,3.42,348.76,2,67.0011,-121.5143,5.53,23.45,Medium,Forest,Clay,Monsoon,0
12.99,47.09,984.64,5.63,3.21,1488.44,2.9,2462.48,4.95,449.14,5,19.4939,-143.7892,3.78,33.77,Medium,Forest,Rock,Spring,0
15.27,58.99,1002.95,9.52,1.2,582.88,3.86,14985.24,2.89,82.94,3,-14.1782,-117.5267,3.0,4.98,Medium,Forest,Sand,Monsoon,0
14.95,48.95,1004.88,19.24,4.24,910.02,0.32,6800.94,2.59,472.15,4,3.9491,108.8706,3.83,24.19,Medium,Urban,Sand,Summer,0
19.79,75.76,1005.91,19.04,13.41,1945.16,3.04,2181.57,6.9,205.98,4,32.6533,137.5155,4.68,29.93,Medium,Urban,Rock,Summer,0
29.44,44.37,1052.72,14.07,8.14,1105.95,1.34,1797.68,1.13,176.39,1,25.7902,6.3533,7.63,35.26,Poor,Water,Sand,Spring,0
36.64,86.92,1050.62,15.43,11.04,1105.49,6.86,14942.59,1.37,426.28,2,9.1821,159.1058,6.71,16.91,Medium,Agricultural,Loam,Winter,0
13.43,30.83,1045.88,1.34,1.97,1130.0,4.27,11887.6,4.65,46.2,5,-51.5599,10.8697,2.93,27.98,Good,Agricultural,Loam,Monsoon,0
30.35,43.25,1047.84,9.25,0.16,237.68,0.75,6711.7,1.4,68.77,0,69.7657,-178.7383,7.15,15.41,Poor,Agricultural,Clay,Spring,0
37.97,73.7,1002.6,2.71,3.5,1852.43,3.37,4915.53,7.87,357.22,0,-21.8754,151.6171,5.06,2.36,Poor,Urban,Sand,Winter,1
31.06,38.27,1007.52,3.72,7.53,1086.42,3.57,1762.77,7.4,468.11,2,-12.3606,-164.4431,5.54,39.04,Good,Urban,Rock,Summer,1
27.11,74.61,987.32,13.45,1.0,1918.01,2.04,12721.0,4.55,213.0,4,63.928,63.1277,4.66,39.01,Medium,Urban,Clay,Spring,1
18.19,55.2,991.6,5.46,0.52,84.72,2.24,8106.29,3.83,320.88,0,66.8608,-47.8575,4.38,24.45,Poor,Water,Clay,Winter,0
17.51,94.62,1021.51,8.32,2.0,280.65,0.93,10604.8,3.39,130.59,4,-22.5317,-110.0425,2.21,35.84,Good,Urban,Loam,Monsoon,0
27.02,58.26,1024.98,19.83,1.0,1088.47,6.01,9418.42,6.63,330.24,7,-37.9441,-5.7633,7.56,12.28,Medium,Urban,Clay,Summer,0
18.43,43.48,1045.47,4.4,0.93,212.61,4.74,14964.99,1.73,36.72,7,-4.2758,116.713,0.42,15.85,Medium,Urban,Loam,Winter,1
19.68,63.55,1007.98,13.05,4.18,392.86,2.13,10304.33,7.49,81.93,2,-46.3579,-171.9552,0.53,24.83,Poor,Forest,Loam,Spring,0
28.38,58.84,989.36,10.61,26.54,1875.63,0.01,13293.04,1.0,476.99,0,30.5689,14.1118,2.73,42.96,Medium,Urban,Sand,Monsoon,1
20.4,60.38,1031.22,0.87,0.54,940.46,1.51,4034.0,5.32,354.66,5,-47.1227,-65.2326,4.74,24.46,Poor,Urban,Clay,Monsoon,1
5.07,57.11,1037.33,18.43,1.24,1468.44,2.83,6346.08,2.73,240.57,5,52.8353,154.5655,2.81,25.77,Medium,Urban,Sand,Summer,0
10.81,55.58,1000.41,5.06,8.62,162.03,0.76,14498.15,1.65,373.87,0,12.2174,116.9779,0.04,22.91,Medium,Water,Loam,Winter,0
28.41,41.92,1030.31,2.1,13.05,64.43,1.24,4770.78,5.49,421.42,0,-44.5855,133.4997,5.57,10.75,Poor,Urban,Clay,Monsoon,0
31.74,72.22,1003.92,1.57,6.48,414.92,1.13,9734.45,2.54,198.21,0,-40.7233,72.7328,1.88,4.51,Medium,Agricultural,Sand,Spring,0
39.09,60.9,1010.49,4.13,1.74,422.94,0.62,1512.97,3.1,27.92,3,-34.6976,-113.6892,0.28,18.65,Poor,Urban,Loam,Spring,0
24.7,74.93,1018.31,34.86,0.74,837.21,3.8,13991.35,5.01,80.28,5,20.7463,-95.2828,6.17,2.91,Medium,Water,Loam,Summer,0
26.54,38.0,981.61,7.97,0.01,647.7,0.5,14571.16,5.95,181.33,4,28.1394,137.7178,4.56,29.18,Poor,Urban,Loam,Spring,0
34.11,38.07,1029.46,2.58,0.52,866.83,0.27,6615.71,5.99,344.86,9,-1.8406,57.2868,2.71,25.71,Poor,Forest,Clay,Summer,1
20.5,65.69,994.07,19.88,2.7,1487.73,3.88,4719.24,3.45,184.71,8,28.3231,23.5597,0.35,13.88,Medium,Forest,Clay,Summer,0
22.86,90.75,1021.97,10.34,0.1,1449.26,0.07,14960.98,7.04,155.7,9,-11.5961,-65.4204,3.05,16.03,Medium,Urban,Loam,Winter,0
21.49,31.23,1025.23,9.66,3.06,1134.33,4.59,14551.89,5.26,384.39,1,-3.9225,-19.4525,1.29,32.99,Medium,Agricultural,Clay,Monsoon,1
23.51,46.18,1003.41,21.98,0.28,353.23,1.59,7267.9,0.84,13.55,3,13.5151,69.8638,5.5,20.67,Medium,Agricultural,Sand,Winter,0
30.44,44.39,1032.6,0.74,6.48,1022.11,2.42,7204.96,2.84,149.66,4,53.0687,106.8882,6.69,31.05,Medium,Agricultural,Clay,Summer,1
23.7,66.44,1019.77,4.96,16.09,670.1,3.02,12845.7,3.77,195.3,9,-58.9524,93.1095,1.66,16.97,Medium,Agricultural,Sand,Winter,0
44.15,34.59,1010.54,12.21,3.92,1051.56,0.69,8962.86,0.71,41.7,4,8.8869,123.6386,5.26,26.15,Poor,Forest,Clay,Monsoon,1
22.16,31.87,971.91,0.96,5.79,857.94,4.0,10450.61,0.56,312.19,2,9.0558,65.8006,6.25,44.62,Poor,Forest,Loam,Spring,0
39.07,56.31,1003.95,26.27,0.5,741.61,2.47,3467.2,5.42,90.47,3,26.6887,154.8506,5.18,24.94,Medium,Urban,Clay,Winter,1
21.52,65.62,1002.97,1.33,13.91,1932.51,7.28,682.96,7.6,498.73,9,-44.1071,134.7469,5.37,31.56,Poor,Urban,Rock,Summer,0
27.41,57.33,1007.83,4.8,1.52,89.42,0.62,901.28,7.43,334.24,9,11.8823,129.3697,5.43,26.21,Poor,Urban,Sand,Winter,0
21.63,43.22,1038.44,14.23,0.48,1029.53,0.13,5410.63,5.01,282.5,6,-0.7353,163.1717,3.43,10.2,Good,Urban,Clay,Winter,0
36.95,52.03,1017.03,6.58,17.31,1344.3,0.33,2085.08,2.03,385.69,1,57.7249,-122.5286,2.87,18.24,Poor,Water,Loam,Winter,1
32.42,55.15,1045.09,0.59,5.1,1140.24,0.24,13642.75,1.99,374.32,4,-5.0081,20.6442,5.47,10.28,Good,Urban,Clay,Summer,0
23.55,31.24,994.17,0.34,3.3,596.39,3.73,9072.1,3.9,209.89,9,53.3958,-29.5769,4.87,2.18,Medium,Urban,Rock,Winter,0
38.6,48.53,1025.82,2.51,5.6,208.84,1.21,7442.13,3.36,100.78,1,27.7085,168.5646,2.7,22.47,Poor,Agricultural,Clay,Monsoon,0
38.64,56.72,1021.7,3.84,9.58,440.19,0.4,332.55,2.08,264.08,1,36.8033,92.8711,2.04,3.25,Good,Water,Rock,Winter,0
27.48,33.92,994.17,21.65,3.29,1394.95,0.11,8060.3,2.76,149.63,9,-22.1754,105.9668,4.59,44.27,Medium,Urban,Loam,Spring,0
17.21,39.04,998.17,29.19,6.22,1483.32,1.38,7173.44,1.33,284.32,6,61.8019,-179.5937,7.83,22.24,Good,Urban,Sand,Spring,0
26.05,92.93,1011.15,1.08,0.77,1724.04,1.02,2622.15,4.33,214.17,4,-32.4424,-57.5189,6.46,8.47,Medium,Water,Loam,Monsoon,0
21.95,75.98,1008.86,10.61,0.5,637.7,9.87,10208.56,5.98,114.33,1,39.2549,-65.4456,4.62,30.44,Poor,Water,Clay,Spring,1
29.32,95.64,1025.57,1.53,2.36,564.28,3.94,7376.48,0.7,356.9,0,44.389,136.5564,6.51,34.57,Good,Forest,Loam,Winter,0
14.29,48.36,995.29,2.52,6.17,169.52,2.71,10432.05,2.38,133.89,3,19.7255,-108.1949,7.95,5.64,Poor,Agricultural,Rock,Monsoon,0
11.66,92.28,1042.05,3.6,2.83,1055.82,0.64,13636.57,3.98,217.84,8,-26.3302,-4.1983,4.71,11.44,Medium,Urban,Clay,Spring,0
37.42,46.91,980.73,6.74,0.39,69.48,1.26,6040.02,1.53,346.92,0,-44.9705,-142.9847,5.37,19.42,Medium,Urban,Clay,Winter,0
22.78,80.91,1011.58,17.78,0.67,270.92,3.45,13836.42,6.43,108.37,8,53.0297,-153.9821,0.77,12.86,Good,Forest,Sand,Summer,0
30.5,80.67,1006.06,11.08,8.02,514.23,1.92,6954.99,6.37,161.54,0,-30.2298,-107.6119,5.24,23.74,Good,Urban,Clay,Summer,1
41.82,85.02,1014.85,12.43,0.8,912.13,0.08,365.19,3.8,133.95,8,30.5501,34.826,7.45,24.88,Poor,Water,Clay,Summer,1
33.71,66.1,1020.64,4.73,12.75,72.5,3.88,3539.18,6.87,78.21,6,8.2099,93.0271,0.39,4.88,Medium,Urban,Rock,Spring,0
34.91,73.83,997.22,5.38,16.73,1469.99,0.13,11195.01,0.68,328.66,8,20.1179,-113.9529,0.56,44.11,Medium,Agricultural,Sand,Winter,0
21.09,44.76,1007.68,2.73,12.48,156.22,1.12,8032.74,7.24,498.87,2,32.9749,-153.078,0.69,5.27,Good,Agricultural,Sand,Summer,0
34.74,98.23,1001.06,8.78,2.95,445.55,2.12,10315.1,5.64,23.22,2,56.437,104.2963,4.36,34.44,Poor,Forest,Sand,Spring,0
17.98,97.2,993.3,4.77,0.05,567.69,0.25,1631.85,1.08,300.7,2,-13.8864,-170.2071,2.14,3.27,Medium,Urban,Clay,Winter,0
30.21,44.12,982.46,0.77,0.11,1903.06,2.58,12019.23,7.86,466.5,9,-25.4885,-104.8527,2.03,34.76,Good,Urban,Rock,Spring,0
18.02,45.17,986.81,8.81,2.14,1314.79,0.03,1059.19,1.25,215.31,8,-18.2735,-29.0351,0.62,8.58,Medium,Agricultural,Clay,Spring,0
37.91,88.33,970.76,16.21,0.53,1867.99,0.23,9555.1,5.54,343.14,8,16.5299,-99.5404,3.08,30.27,Good,Forest,Loam,Summer,0
1.42,82.88,1045.09,21.23,16.64,649.1,3.21,3238.62,4.59,98.13,1,44.7116,-61.1236,4.86,0.01,Medium,Urban,Loam,Summer,0
17.66,80.69,1029.86,8.56,0.58,356.39,0.08,12157.65,4.64,165.21,7,13.1513,170.8593,5.56,32.36,Medium,Agricultural,Loam,Monsoon,0
33.02,50.77,999.08,8.27,1.43,1633.97,0.23,12458.75,5.02,101.59,5,37.4666,-154.2878,7.51,1.99,Medium,Urban,Clay,Spring,0
16.11,98.56,1013.94,2.98,3.07,432.54,1.36,11364.65,4.41,149.97,0,-19.8503,-66.499,3.74,31.72,Poor,Agricultural,Loam,Summer,0
9.46,65.79,1060.19,10.12,5.39,577.92,0.3,2433.85,5.3,437.71,7,-18.3837,122.5773,0.83,34.63,Good,Agricultural,Loam,Monsoon,0
37.5,92.82,993.67,4.04,14.49,27.16,0.86,2068.27,1.45,409.56,6,-31.8772,-129.312,6.22,43.95,Medium,Agricultural,Clay,Winter,1
24.7,62.06,1015.68,13.96,7.87,466.07,5.31,13024.6,0.64,73.0,9,-47.1621,-154.9469,3.91,36.6,Poor,Agricultural,Loam,Monsoon,0
27.21,86.84,1021.05,16.78,5.15,916.03,4.0,13897.51,0.68,35.26,5,8.1836,-130.6811,7.05,40.25,Medium,Agricultural,Loam,Monsoon,0
31.99,71.91,1019.77,11.7,5.83,1409.57,0.77,8677.35,4.96,164.39,5,62.0806,-82.1202,7.43,43.92,Medium,Urban,Loam,Winter,0
37.27,36.83,1005.1,0.41,7.0,850.71,10.83,1549.09,6.92,245.19,7,-22.4312,107.8542,7.64,13.49,Poor,Agricultural,Clay,Spring,0
39.15,45.77,1019.6,1.82,9.01,717.25,1.21,516.78,3.39,387.51,6,5.8111,13.7986,5.59,31.15,Medium,Urban,Clay,Winter,0
26.7,81.65,991.2,7.72,2.19,1955.95,2.43,12487.72,0.8,125.6,6,38.2636,112.909,0.52,35.11,Poor,Forest,Loam,Spring,0
42.08,40.21,1006.27,2.05,1.14,477.4,0.51,5987.72,5.4,224.64,7,61.4874,77.0191,0.16,31.07,Poor,Urban,Loam,Winter,0
25.58,38.63,1014.36,18.69,1.96,1186.48,1.55,9979.5,6.05,226.03,0,15.2015,175.5345,2.45,43.27,Medium,Forest,Sand,Spring,0
14.72,55.47,1006.73,1.38,3.05,543.39,0.87,1505.26,3.71,491.8,4,47.5263,38.7639,0.18,1.81,Medium,Water,Clay,Summer,0
21.16,96.57,1040.8,27.85,0.06,344.66,3.43,5094.73,1.22,394.65,3,25.9164,18.4469,3.94,8.39,Poor,Urban,Loam,Winter,0
33.03,84.29,994.94,16.55,4.23,21.02,2.87,1688.3,1.38,306.76,3,-55.04,-25.2656,6.19,2.34,Poor,Agricultural,Sand,Spring,1
34.81,60.65,1022.03,8.09,8.04,1221.01,0.51,9234.48,5.21,369.71,9,12.4058,-131.9512,6.62,28.44,Poor,Forest,Loam,Spring,1
23.11,42.91,970.11,6.78,2.07,910.18,0.85,9464.17,0.82,93.74,2,-15.7587,-63.8787,3.54,29.49,Medium,Urban,Loam,Summer,0
24.93,68.1,1032.52,31.35,10.89,338.93,1.28,14572.31,3.29,192.07,1,-54.4382,179.9614,4.82,28.57,Medium,Urban,Loam,Winter,0
27.91,94.56,1033.32,0.36,7.28,1341.42,0.1,8205.21,4.36,348.85,1,-5.5736,137.2637,6.44,6.27,Medium,Urban,Clay,Monsoon,0
26.99,37.37,1022.44,2.74,1.03,710.92,0.54,3742.15,5.13,166.16,8,-15.0197,-17.5661,6.13,20.04,Medium,Water,Clay,Monsoon,0
33.09,55.31,1011.34,26.95,4.98,1868.31,2.83,1641.18,2.23,203.14,1,58.2746,157.8014,1.77,6.93,Poor,Agricultural,Sand,Summer,0
29.42,70.77,958.97,6.27,6.05,1437.2,1.16,2222.7,5.3,388.75,0,52.7625,-62.2441,4.89,10.78,Medium,Forest,Clay,Summer,0
27.95,71.97,969.55,8.36,5.31,615.5,0.27,11436.03,6.88,135.93,1,-44.9574,-35.3823,3.54,24.82,Medium,Agricultural,Loam,Monsoon,0
20.79,77.59,991.35,3.05,2.78,773.54,2.9,13268.43,5.75,177.39,5,-38.642,-132.9889,1.15,7.56,Poor,Urban,Clay,Monsoon,0
33.68,39.43,1008.35,18.82,4.49,1862.6,4.18,10187.81,5.43,114.45,4,-46.6858,-71.1624,3.32,8.4,Good,Urban,Clay,Summer,0
30.81,30.62,1064.8,6.65,9.09,439.29,0.87,406.51,7.83,42.66,2,55.5357,-12.8267,2.77,16.62,Medium,Urban,Clay,Monsoon,0
27.32,43.35,1020.88,11.84,4.61,369.07,0.64,6193.9,5.74,322.97,7,-11.1986,137.6057,0.14,12.06,Good,Agricultural,Sand,Monsoon,0
26.66,38.08,1011.14,4.25,11.47,1446.28,0.06,444.19,4.37,247.28,9,-24.6416,-3.5855,2.42,44.4,Medium,Urban,Clay,Winter,1
27.43,44.64,1008.12,9.85,0.42,1760.74,0.11,8368.65,6.35,67.25,6,33.1728,-140.3162,4.2,1.0,Medium,Urban,Sand,Winter,0
33.77,43.36,1004.44,16.46,5.36,385.49,0.72,2063.39,3.37,109.79,7,10.3196,26.52,7.96,0.54,Good,Forest,Sand,Summer,0
23.99,33.68,1000.73,8.0,1.84,1067.2,0.29,13996.19,7.21,103.1,6,-15.0804,-46.0367,3.19,44.21,Medium,Urban,Loam,Spring,0
44.31,37.47,1043.34,33.29,4.26,302.07,0.75,12023.49,4.42,102.19,5,17.1778,110.126,2.86,40.1,Medium,Urban,Sand,Summer,0
19.09,66.88,1000.46,7.7,2.9,1543.78,1.45,9184.46,5.93,22.26,0,-7.3263,153.4419,7.07,0.78,Medium,Forest,Rock,Spring,1
37.08,88.51,953.66,13.42,1.54,33.79,1.31,12897.79,7.22,478.55,0,-9.8788,159.464,3.08,5.99,Good,Forest,Sand,Summer,0
19.25,43.16,1044.58,7.78,1.28,1948.58,0.99,13654.01,2.19,102.71,2,-50.747,20.7737,7.52,6.33,Poor,Agricultural,Loam,Winter,0
27.62,46.74,937.85,8.92,2.93,893.44,0.9,352.25,4.42,174.27,4,-42.8592,2.7662,2.23,17.71,Medium,Agricultural,Loam,Summer,0
22.56,79.11,1039.14,5.7,2.7,1520.41,0.38,5144.93,2.18,185.96,3,28.8295,141.045,1.97,17.77,Medium,Urban,Loam,Spring,0
17.25,92.49,1040.13,6.98,5.19,419.16,1.08,12950.02,2.1,201.38,4,-54.4311,63.2847,5.52,32.94,Medium,Urban,Sand,Spring,0
36.47,84.2,999.09,9.34,0.11,1862.04,2.32,609.51,6.64,108.13,3,4.218,-149.2112,0.59,42.36,Good,Urban,Clay,Summer,1
24.73,92.7,997.05,2.08,2.01,792.24,1.76,13796.89,3.46,43.88,5,33.0129,111.2138,0.62,9.23,Medium,Forest,Clay,Spring,0
38.35,72.35,1019.12,4.98,0.63,1561.55,0.9,11067.2,4.35,371.94,7,6.4961,-84.3558,7.37,24.08,Good,Forest,Clay,Summer,0
48.16,53.64,1015.39,0.74,14.37,1546.71,3.65,5566.34,6.21,247.83,0,54.8935,150.8386,7.67,32.62,Medium,Agricultural,Sand,Summer,1
39.88,59.54,998.81,20.59,2.02,265.36,3.34,10141.82,2.31,272.86,7,-9.9687,99.402,7.02,4.67,Medium,Urban,Sand,Monsoon,0
13.25,41.4,1012.29,0.43,4.09,1089.14,0.46,10460.41,6.06,136.96,4,10.9871,123.0141,4.27,22.99,Poor,Urban,Loam,Monsoon,0
46.81,43.87,988.57,7.92,29.34,1132.1,0.09,11966.89,3.47,85.3,5,-49.1707,-113.1911,5.97,25.32,Poor,Urban,Loam,Monsoon,1
24.82,90.71,1019.87,18.89,3.58,1413.38,0.43,10357.11,2.54,417.71,0,10.5885,-66.9571,7.4,4.66,Poor,Agricultural,Clay,Winter,0
34.36,77.81,1031.22,23.37,1.31,172.11,0.11,13179.88,7.8,158.24,2,33.207,29.7363,1.27,28.88,Poor,Forest,Sand,Summer,0
24.45,92.32,1013.9,6.38,6.81,280.08,2.22,3621.26,3.79,18.26,2,-34.9084,108.707,2.91,26.11,Medium,Agricultural,Sand,Summer,0
18.44,77.76,1013.12,4.33,1.27,556.65,0.4,13533.36,1.77,442.63,8,-44.5096,-91.8219,3.76,17.27,Poor,Agricultural,Clay,Monsoon,1
30.06,61.99,988.14,5.11,4.49,982.54,0.72,8430.01,5.52,23.08,6,45.5732,-98.7369,3.2,7.34,Medium,Urban,Sand,Monsoon,0
24.78,62.83,997.57,3.03,12.73,835.58,3.99,1733.99,2.89,96.4,9,19.2376,-111.1345,0.29,23.11,Poor,Agricultural,Sand,Winter,0
21.99,31.92,1018.22,3.2,1.57,1638.64,2.48,14725.98,5.84,214.95,7,39.0186,157.8114,8.0,31.96,Poor,Agricultural,Loam,Winter,0
41.14,47.32,1013.88,9.17,1.49,666.91,1.17,7984.93,3.87,251.67,1,-10.9042,132.9027,3.8,33.8,Medium,Urban,Rock,Summer,0
23.21,83.74,1004.9,8.27,4.1,332.43,0.66,7867.88,2.58,113.04,6,33.4413,-163.4999,1.25,34.6,Poor,Forest,Sand,Winter,0
26.22,54.65,1032.01,9.32,0.47,19.17,0.03,6172.39,2.21,87.1,8,-42.5802,-148.1331,6.36,34.36,Good,Forest,Loam,Spring,0
34.01,36.83,1015.46,2.75,2.61,1731.68,5.59,14891.6,7.69,12.91,3,47.8893,141.3562,1.18,15.7,Poor,Agricultural,Rock,Summer,0
7.48,70.44,998.12,5.77,0.09,1988.0,1.57,7157.1,7.66,86.37,4,43.8995,-82.2479,6.46,11.74,Poor,Forest,Clay,Winter,0
28.98,74.92,1002.41,11.05,8.93,1147.65,1.25,9585.95,2.73,99.47,5,-6.7815,-37.4669,5.91,35.78,Good,Water,Clay,Winter,1
21.7,42.42,993.11,3.5,4.78,750.53,1.0,8140.74,1.15,372.01,4,69.725,-54.5379,7.13,32.23,Good,Agricultural,Loam,Summer,0
23.65,73.78,1017.79,4.98,22.8,957.67,0.52,5789.68,5.4,47.28,1,-16.3253,15.3192,3.47,15.08,Poor,Forest,Clay,Summer,1
24.32,58.53,1006.29,6.64,5.53,739.37,0.48,13284.61,7.86,19.81,5,3.4603,-159.2486,1.35,43.93,Good,Forest,Loam,Monsoon,0
18.54,79.41,1011.84,5.0,1.59,6.76,2.54,12523.76,3.46,286.47,2,-49.7611,61.078,5.03,20.28,Poor,Agricultural,Rock,Monsoon,0
26.93,67.32,1059.72,6.5,5.6,1143.89,8.68,12405.36,2.49,365.62,4,-35.7159,44.7842,0.03,18.07,Medium,Forest,Clay,Monsoon,0
31.4,44.04,1023.68,21.97,1.94,26.81,3.71,14133.14,5.42,123.4,5,-40.5523,117.3505,3.73,40.4,Poor,Agricultural,Rock,Summer,0
26.1,77.91,1041.11,9.75,0.83,1689.58,0.44,13991.0,2.38,369.6,9,-13.6899,-135.2953,1.42,23.94,Poor,Forest,Clay,Spring,0
24.11,39.13,1002.82,4.31,7.83,1252.73,1.18,1468.32,5.14,90.22,7,-0.1229,-165.2415,5.31,41.04,Good,Urban,Loam,Summer,0
29.65,92.91,1014.09,6.36,5.95,1160.86,2.36,12456.98,0.76,169.62,2,13.6066,-94.3473,3.5,16.15,Good,Forest,Clay,Summer,0
14.94,87.22,1016.65,4.6,1.74,1656.25,2.04,13484.06,5.22,373.0,6,-50.0922,54.9804,6.33,25.35,Medium,Urban,Loam,Summer,0
23.93,36.25,1054.15,4.9,0.5,381.5,0.01,2801.56,2.98,273.73,7,-35.2121,18.9754,5.5,22.44,Medium,Urban,Loam,Summer,1
25.42,55.51,1015.54,27.9,5.44,1688.67,2.9,5749.18,4.09,101.2,7,23.1538,-167.4998,0.84,16.04,Medium,Forest,Clay,Winter,0
22.52,93.3,1015.94,15.61,1.3,784.5,0.63,14767.8,6.91,465.81,8,-32.9496,-125.3942,3.65,9.24,Medium,Water,Rock,Summer,0
22.69,76.6,1063.78,4.64,14.46,1410.9,2.81,3712.09,1.76,203.23,0,-14.6473,109.7053,0.82,2.82,Good,Agricultural,Rock,Winter,0
30.21,44.96,1000.74,3.11,1.33,1029.96,0.78,2396.93,3.9,438.21,7,-38.2934,27.2078,7.03,8.81,Medium,Agricultural,Loam,Winter,0
14.57,68.56,1003.97,1.17,1.7,415.78,1.01,1757.13,0.74,331.83,2,19.9796,-26.8505,3.04,0.16,Poor,Urban,Loam,Monsoon,0
23.46,35.92,1016.03,0.45,3.84,1412.46,0.28,9620.29,4.08,493.8,6,-14.1401,133.7892,5.89,12.15,Medium,Forest,Loam,Winter,0
34.35,86.39,1008.09,13.13,3.11,647.88,1.88,13155.73,7.13,63.16,3,28.1397,-33.3913,3.72,43.99,Poor,Forest,Clay,Winter,1
6.15,92.81,986.71,3.4,1.43,1878.39,3.31,12327.32,1.96,80.22,2,48.8229,-108.2748,0.3,34.59,Poor,Urban,Rock,Winter,0
10.11,71.81,1009.76,12.63,2.97,1747.19,1.46,2249.37,5.17,236.49,9,-34.2902,114.9646,4.93,30.83,Good,Agricultural,Sand,Monsoon,0
32.77,30.66,1002.12,0.04,7.13,1522.9,3.11,13957.4,1.38,123.67,2,-24.9997,55.2752,4.4,35.3,Poor,Forest,Loam,Spring,0
25.01,78.83,1006.78,0.76,13.96,917.51,5.57,1700.24,7.62,63.51,7,-47.0802,127.7403,0.62,42.44,Poor,Agricultural,Clay,Winter,1
20.03,34.96,1043.11,14.59,0.37,1844.24,0.1,7241.95,5.92,202.69,7,-13.3074,-41.9934,3.24,8.28,Medium,Agricultural,Loam,Spring,0
23.82,42.58,1021.76,7.77,6.1,1357.81,1.89,2278.86,6.78,218.55,7,20.3365,59.536,0.69,18.75,Good,Urban,Rock,Monsoon,0
27.69,54.41,1026.44,21.55,5.49,1397.67,4.53,6781.4,5.43,374.9,3,-53.7839,78.4492,0.67,34.71,Good,Urban,Clay,Spring,1
25.15,37.89,1026.93,9.88,6.6,786.57,2.56,4939.86,6.42,177.13,2,-0.3887,-108.0645,7.67,35.94,Good,Urban,Clay,Summer,1
10.65,69.81,1012.03,6.01,2.85,223.95,0.3,12334.07,7.14,124.99,4,32.9959,-45.7884,0.43,27.37,Medium,Agricultural,Rock,Spring,0
27.81,35.86,1040.52,3.19,1.77,1121.49,0.6,1187.1,5.98,156.55,0,55.9438,47.6362,1.97,30.99,Medium,Forest,Loam,Spring,0
43.49,53.74,996.41,3.54,0.21,65.2,0.65,8004.54,4.67,252.07,1,-30.0175,-75.0952,1.26,40.69,Good,Forest,Clay,Summer,1
25.33,47.96,1017.58,8.29,0.4,1599.78,5.19,13129.22,3.06,169.63,5,-38.1757,-176.5201,3.67,40.84,Poor,Urban,Clay,Monsoon,1
29.51,44.31,998.6,11.63,2.15,1023.66,5.43,656.54,4.25,428.67,4,-4.4084,-135.2013,5.91,33.18,Medium,Urban,Clay,Winter,1
23.53,40.0,1059.79,0.57,4.91,494.04,0.56,14358.95,3.96,24.42,3,-6.9349,-85.3837,0.84,37.63,Medium,Agricultural,Loam,Winter,0
21.52,31.02,983.1,21.15,0.84,1722.95,0.8,5585.19,0.79,170.17,9,-26.6793,170.4626,1.15,6.07,Medium,Forest,Loam,Monsoon,0
18.89,49.72,1006.58,2.36,0.73,48.99,5.49,13823.41,0.88,94.81,4,62.961,-149.6986,2.25,9.18,Poor,Urban,Rock,Winter,0
14.55,45.5,1006.76,5.85,7.31,529.46,0.74,9039.17,2.28,296.27,9,31.0951,128.0248,7.47,23.02,Medium,Agricultural,Clay,Spring,1
28.1,53.2,1056.7,39.12,1.93,1488.37,1.52,9166.83,3.45,482.76,9,13.8851,140.5125,0.85,28.4,Medium,Water,Rock,Spring,0
13.15,43.64,1016.17,0.85,7.94,649.01,3.89,9163.9,5.55,152.92,5,68.351,105.1269,1.66,24.52,Good,Water,Sand,Monsoon,0
35.7,65.37,1007.91,12.13,6.85,506.94,4.17,6951.35,2.08,434.05,7,46.9175,170.0257,6.97,34.63,Medium,Urban,Clay,Spring,1
28.9,32.61,998.88,3.0,5.94,511.01,2.61,14938.37,6.48,177.5,1,39.0357,-52.5582,6.06,37.85,Good,Forest,Clay,Summer,1
22.07,33.74,1000.29,11.66,0.38,406.58,0.2,1041.2,2.51,290.23,1,-14.3189,18.9607,4.97,39.69,Medium,Forest,Rock,Summer,0
24.54,79.67,989.8,9.48,15.09,1635.56,4.06,8170.84,2.95,353.85,8,1.3519,126.9852,3.95,17.58,Medium,Urban,Sand,Spring,0
22.35,85.91,972.43,0.48,0.86,795.92,0.52,5134.73,7.99,414.45,3,-18.8427,166.6947,7.43,11.23,Good,Urban,Rock,Spring,0
38.05,80.25,1060.02,2.32,0.87,1303.83,0.69,14611.86,3.89,64.68,9,-5.033,167.12,2.45,6.69,Medium,Urban,Sand,Spring,0
26.01,97.64,988.66,1.7,1.03,1853.63,2.45,2364.3,3.45,37.57,6,24.1675,-62.3448,6.22,24.93,Poor,Urban,Loam,Monsoon,0
35.6,67.71,1005.83,3.57,1.55,435.23,3.47,8769.72,5.82,431.46,9,0.0598,-167.3743,2.0,8.14,Medium,Agricultural,Loam,Summer,0
33.88,54.35,1005.15,0.35,1.6,1979.89,2.26,13522.74,6.31,274.46,0,53.1822,-83.277,2.79,26.27,Poor,Forest,Clay,Monsoon,1
20.82,71.52,985.12,7.88,1.4,1782.23,0.23,688.07,5.02,70.47,5,51.8022,-50.5308,7.84,36.21,Medium,Forest,Clay,Winter,1
22.32,32.67,1019.21,12.71,1.64,1428.99,1.62,1721.23,7.49,231.63,4,-52.1972,59.2248,7.7,38.57,Medium,Water,Sand,Spring,0
32.11,57.29,979.94,5.15,6.59,722.95,2.36,313.49,2.93,166.33,8,42.2836,152.4514,5.75,19.76,Medium,Urban,Loam,Winter,0
15.97,56.71,1038.27,13.27,13.14,1257.98,3.12,2657.36,2.09,270.7,7,57.9931,77.5298,4.41,27.73,Medium,Forest,Loam,Winter,0
30.25,39.49,1031.68,16.99,6.66,1540.86,0.53,13561.31,1.23,134.27,8,22.0318,-41.0921,5.25,18.7,Medium,Agricultural,Loam,Summer,0
15.65,74.01,976.77,24.6,0.18,487.32,0.43,7584.19,3.72,367.23,1,43.5689,-110.8765,0.1,42.78,Poor,Water,Sand,Winter,0
28.32,31.6,1027.85,3.49,4.08,1852.35,0.22,9057.32,2.77,445.77,4,-58.5053,43.6084,2.96,7.52,Medium,Urban,Rock,Summer,0
39.28,65.46,995.23,22.12,2.85,622.01,4.96,6161.35,2.52,57.85,5,51.4819,-45.1249,2.89,11.72,Poor,Urban,Loam,Summer,0
25.99,82.94,1000.53,5.33,2.73,176.56,0.45,2404.66,4.11,269.34,1,-42.6655,8.4055,0.98,20.56,Medium,Forest,Clay,Summer,0
16.64,89.15,1018.17,6.45,0.89,245.65,6.74,4294.87,7.31,211.19,5,-16.0484,-71.0475,5.61,0.44,Good,Forest,Sand,Summer,0
21.37,50.55,1000.54,9.36,2.34,1011.57,2.1,14348.45,6.24,208.58,5,-49.8576,141.2533,4.0,18.47,Poor,Urban,Sand,Winter,0
29.39,61.81,1022.24,8.94,3.82,1878.39,2.59,13887.61,2.15,162.02,6,30.0351,-146.452,2.04,7.06,Good,Agricultural,Loam,Winter,0
23.17,31.51,1017.63,15.37,0.39,1977.05,2.25,11326.4,2.34,340.19,4,30.6565,-99.187,6.7,7.63,Poor,Forest,Clay,Monsoon,0
31.52,49.95,974.95,4.75,8.45,358.42,0.17,4992.53,3.68,275.9,9,-20.8718,-179.5811,2.83,32.6,Medium,Agricultural,Clay,Monsoon,1
26.5,96.64,999.37,3.72,4.35,1907.21,2.1,10129.39,1.84,251.38,1,-0.1091,-157.3738,3.77,36.04,Good,Forest,Rock,Monsoon,1
42.05,45.0,1042.75,6.37,3.08,1245.75,0.6,8768.05,2.31,228.76,6,-24.3057,-33.5031,0.3,14.43,Good,Forest,Loam,Winter,0
34.24,88.49,1023.07,8.63,0.09,1947.43,1.28,5964.58,3.46,217.83,9,24.6919,6.0035,6.07,24.58,Good,Urban,Sand,Spring,0
16.46,97.46,1005.75,29.34,2.05,1279.5,1.53,12252.25,5.21,10.12,9,58.098,8.6082,4.08,40.63,Medium,Water,Clay,Summer,1
27.26,37.39,1022.13,40.05,6.56,1701.04,0.1,7623.92,5.74,276.04,9,-47.4276,-12.1276,1.78,27.24,Medium,Agricultural,Loam,Monsoon,0
44.28,56.77,1022.83,43.79,6.1,582.01,0.12,766.36,2.04,124.13,2,18.2294,179.5132,1.72,24.83,Poor,Forest,Sand,Monsoon,0
25.75,53.51,1001.33,2.01,1.96,98.56,6.01,8759.1,6.61,217.33,2,3.9332,83.9802,3.87,25.83,Medium,Urban,Clay,Monsoon,1
23.3,66.03,996.53,17.54,0.4,696.99,3.46,9761.52,2.67,424.21,9,51.9353,-102.3511,4.96,26.83,Poor,Urban,Loam,Winter,0
44.96,73.14,1013.65,1.87,5.8,904.7,1.46,551.72,6.23,419.36,2,-39.4964,45.9449,5.15,10.32,Good,Agricultural,Sand,Monsoon,0
14.88,73.27,1050.72,4.18,0.15,790.18,5.33,9431.89,1.13,443.65,0,49.0718,82.5644,3.16,23.28,Medium,Agricultural,Loam,Spring,0
16.31,40.51,1001.66,0.6,10.32,577.89,0.69,3172.8,4.07,261.98,0,59.6994,170.4988,5.92,3.43,Medium,Forest,Loam,Summer,0
23.82,46.27,1018.29,3.53,2.91,628.33,0.94,9347.49,6.22,370.42,4,43.9366,1.9948,6.42,21.45,Medium,Agricultural,Rock,Summer,0
19.8,84.45,1001.89,2.24,7.88,858.43,10.62,3040.39,1.2,46.96,8,-45.5508,106.0784,4.2,37.91,Poor,Agricultural,Loam,Spring,0
33.45,59.91,1041.72,22.96,3.66,1011.73,0.13,13839.59,1.83,268.89,6,42.4103,64.7435,6.03,14.54,Medium,Urban,Clay,Monsoon,1
28.79,58.02,1011.22,4.52,6.08,357.46,0.9,4440.48,5.01,89.75,5,15.8696,-164.6673,7.03,43.0,Good,Agricultural,Sand,Spring,0
25.74,79.0,1031.35,17.61,7.84,1765.21,6.84,6642.15,7.63,364.41,1,48.1486,92.5315,7.56,23.3,Medium,Agricultural,Sand,Monsoon,0
19.39,36.98,1045.59,15.55,5.77,1900.25,1.12,1265.26,1.41,388.93,3,56.8543,98.4625,7.26,12.67,Good,Urban,Loam,Spring,0
33.78,31.73,995.68,23.34,0.37,752.98,0.17,11557.62,1.56,443.53,0,-57.7741,71.5754,3.01,40.37,Good,Agricultural,Rock,Monsoon,1
20.65,61.22,1029.52,3.74,1.56,862.81,0.95,9536.74,6.6,155.57,6,-25.0797,24.0532,4.46,3.16,Good,Forest,Rock,Winter,0
37.73,95.69,992.03,43.99,7.2,1147.54,2.83,4171.22,2.63,330.63,9,19.4759,8.2179,2.03,10.35,Poor,Agricultural,Loam,Monsoon,1
29.59,90.38,1009.36,3.36,0.85,898.18,0.88,10265.17,7.75,187.87,4,-55.8657,145.0486,6.57,25.7,Poor,Forest,Clay,Spring,1
19.42,73.43,1025.24,15.83,11.02,936.61,4.56,7666.97,5.66,489.72,3,-38.6281,-77.7014,1.35,15.39,Medium,Forest,Sand,Summer,0
41.85,39.74,995.22,36.05,2.93,1895.92,0.29,11531.52,5.13,411.83,8,41.9985,135.9294,7.7,28.21,Medium,Forest,Clay,Winter,1
19.39,64.81,1017.02,11.98,4.39,897.11,0.51,4714.09,5.75,119.85,2,-45.9441,2.19,7.76,2.74,Medium,Urban,Loam,Summer,0
31.59,43.77,1004.74,1.75,1.2,1250.05,3.33,5031.58,1.8,112.51,0,-46.4941,-168.3473,1.97,39.48,Poor,Agricultural,Loam,Winter,0
27.46,67.65,984.5,8.94,2.13,11.79,0.07,9991.01,4.42,412.3,9,43.6067,39.3471,5.72,41.77,Poor,Urban,Rock,Summer,1
33.2,49.98,1031.18,3.53,3.16,43.58,3.11,4824.62,6.9,403.29,4,48.5414,-71.0191,1.44,24.59,Good,Agricultural,Clay,Spring,0
30.04,74.87,1020.2,4.79,1.02,1520.07,0.46,10461.91,1.86,54.62,8,-39.0852,154.9105,2.28,29.12,Medium,Forest,Sand,Monsoon,1
25.21,32.46,1017.56,8.92,2.87,48.08,5.17,257.45,4.83,481.28,5,12.0673,41.546,6.8,15.93,Medium,Forest,Clay,Spring,0
27.8,62.04,1017.02,10.3,0.54,1808.93,1.68,11727.04,6.46,135.68,4,28.7965,166.4151,7.68,4.03,Medium,Agricultural,Rock,Monsoon,0
23.21,88.2,1011.4,18.95,5.01,705.06,0.16,11320.56,5.95,457.18,1,21.9893,-26.2921,6.63,33.57,Good,Agricultural,Sand,Spring,0
11.11,45.49,1019.77,7.49,0.93,1600.82,1.32,8650.56,1.61,169.04,3,-9.7957,-157.9752,4.51,38.36,Medium,Urban,Rock,Monsoon,1
23.56,88.1,1011.35,23.68,0.6,880.58,5.37,2263.65,2.69,159.09,4,5.7495,-15.9381,2.97,6.63,Good,Agricultural,Loam,Summer,0
37.24,50.61,1030.87,7.95,5.03,1178.19,4.93,13484.26,7.78,337.04,2,-4.4334,-94.1787,6.66,12.19,Poor,Urban,Clay,Monsoon,0
33.63,88.27,997.55,37.01,5.14,923.06,0.73,3412.54,2.1,210.5,5,1.691,-155.0334,2.15,14.87,Poor,Urban,Clay,Spring,0
20.87,68.31,1004.1,9.96,15.8,754.7,1.93,13184.9,3.87,69.95,0,30.3009,-42.5379,4.98,3.61,Poor,Agricultural,Loam,Summer,1
31.43,71.75,1014.42,35.63,0.73,1136.61,3.2,7930.56,1.18,295.61,0,26.2478,-102.308,6.09,34.68,Medium,Agricultural,Rock,Spring,0
16.56,65.41,998.59,9.32,0.05,1560.41,3.43,14486.11,1.85,301.33,6,-34.25,-101.4868,4.06,32.97,Medium,Urban,Sand,Winter,0
35.43,86.25,1038.36,10.16,0.34,684.35,9.08,3028.0,4.9,423.04,0,-6.8721,5.665,2.9,11.15,Medium,Urban,Clay,Summer,0
35.28,52.69,1003.52,6.97,4.89,464.36,2.54,8251.96,3.85,406.79,1,12.565,-84.5958,3.73,9.0,Poor,Agricultural,Clay,Summer,0
38.3,71.77,1003.05,3.5,0.27,1535.19,0.87,13356.9,3.46,361.65,5,6.2222,81.1118,6.22,22.77,Medium,Agricultural,Loam,Summer,0
25.03,86.3,1003.09,7.98,1.57,1572.34,0.63,11022.17,5.08,93.3,7,-59.0496,-85.146,1.61,44.53,Poor,Urban,Loam,Monsoon,0
22.03,76.14,980.5,5.79,5.98,1267.95,0.24,11737.54,5.91,331.36,2,-23.6091,-97.9883,2.14,17.69,Good,Agricultural,Loam,Spring,0
29.39,97.67,1001.51,12.99,24.71,1302.1,0.49,3136.91,2.93,13.49,6,-15.5362,-137.5894,6.68,28.78,Poor,Urban,Clay,Summer,0
16.41,82.97,1018.75,2.46,8.0,379.76,2.56,5062.81,4.87,28.94,3,67.635,-43.3463,6.27,18.36,Medium,Urban,Rock,Monsoon,0
30.59,50.43,1035.34,6.73,0.59,943.17,0.56,5301.55,1.72,122.73,8,-1.8932,174.6454,1.13,17.43,Medium,Agricultural,Clay,Spring,1
17.77,65.32,1035.85,1.46,6.14,140.66,2.83,8247.86,2.59,432.66,3,37.1347,164.6048,6.45,33.76,Medium,Agricultural,Loam,Summer,0
33.53,78.03,999.23,6.0,2.72,145.18,0.01,7980.52,3.63,400.06,7,-9.1403,-156.6336,4.22,42.6,Medium,Urban,Clay,Monsoon,0
43.46,59.53,998.13,0.19,21.17,734.23,3.02,4952.13,4.06,200.35,8,-19.5361,32.46,1.09,9.11,Medium,Agricultural,Loam,Winter,0
17.45,86.64,974.84,0.93,2.44,171.42,0.3,169.15,0.57,196.34,0,61.4688,-93.4024,4.84,21.58,Poor,Water,Clay,Monsoon,0
40.55,42.09,1014.11,19.15,0.75,801.62,0.16,8223.65,5.52,471.2,4,-41.9639,-38.3938,3.53,2.73,Medium,Urban,Sand,Monsoon,0
29.85,96.88,996.76,23.73,7.79,1424.65,0.54,9545.16,5.32,209.34,7,63.2873,-49.9501,1.11,38.25,Medium,Agricultural,Loam,Winter,0
32.33,64.59,1026.39,19.45,3.95,823.3,0.23,5961.86,6.0,461.43,3,47.8113,14.7587,6.16,1.85,Medium,Agricultural,Loam,Winter,0
30.08,92.82,1018.66,0.55,4.7,249.34,0.16,6779.33,1.23,366.67,0,-12.0433,-141.9779,5.85,22.55,Medium,Urban,Clay,Monsoon,0
36.06,48.99,986.11,15.84,1.3,317.68,3.05,10647.59,1.87,66.96,5,-38.0019,74.1192,6.51,38.19,Poor,Agricultural,Clay,Monsoon,1
25.31,74.28,1017.76,4.59,6.63,989.77,0.04,9167.87,6.73,126.03,9,-27.5494,155.6146,4.87,36.81,Good,Urban,Clay,Monsoon,1
21.29,41.83,1048.35,6.18,4.67,661.9,1.43,2040.19,3.89,54.48,9,-23.7655,8.1516,3.91,37.02,Medium,Urban,Rock,Winter,1
17.79,99.64,1039.0,3.6,1.36,1135.78,3.61,2968.53,5.82,40.09,5,-34.1006,146.6896,3.2,1.94,Poor,Agricultural,Clay,Winter,0
31.1,68.01,1035.13,16.64,5.22,1754.09,0.96,8889.86,7.03,115.26,2,31.734,-137.1949,4.06,34.8,Medium,Water,Clay,Winter,1
19.05,50.15,1031.68,23.65,2.23,126.03,1.84,1959.78,6.47,324.46,7,-10.4608,98.8417,6.28,5.05,Medium,Water,Loam,Spring,0
30.07,67.54,1021.15,3.41,2.16,685.78,0.79,3719.35,5.07,451.2,8,-42.8511,-57.4962,6.34,19.61,Medium,Agricultural,Loam,Spring,0
19.09,82.89,1009.95,5.13,2.1,1018.22,2.47,8583.27,6.52,318.39,0,49.8637,-52.3342,0.18,30.08,Poor,Water,Clay,Spring,1
17.9,70.23,1033.56,5.37,0.63,660.57,2.58,9218.86,1.4,90.03,1,49.3886,23.9039,5.92,37.36,Medium,Forest,Rock,Spring,0
21.31,60.74,1007.4,9.54,1.31,1111.59,3.3,3930.57,4.85,176.26,8,-4.2205,-173.6581,0.62,25.53,Poor,Urban,Clay,Monsoon,1
29.23,62.7,1007.09,4.98,6.43,1819.23,0.05,6778.76,5.08,166.1,9,-25.4223,-98.5182,7.77,42.45,Good,Forest,Clay,Monsoon,1
29.66,41.37,1005.86,0.67,1.57,1213.89,0.26,7126.76,5.21,425.88,8,27.9797,-24.9575,6.54,10.57,Poor,Agricultural,Clay,Spring,0
15.32,42.86,1026.95,0.1,3.19,857.29,0.53,899.42,3.72,396.22,1,69.5873,129.2465,3.13,25.78,Poor,Urban,Loam,Monsoon,0
14.71,62.8,1025.19,16.55,12.81,473.83,1.55,2468.02,4.23,54.16,1,-21.9916,-125.2585,7.54,7.49,Medium,Urban,Clay,Summer,0
20.76,97.02,1010.82,30.55,1.64,1463.05,1.73,3638.4,2.47,250.67,4,42.6649,151.7547,6.25,34.3,Poor,Urban,Sand,Winter,0
20.14,73.15,1007.82,2.97,3.79,1883.61,1.7,13865.13,3.45,320.34,9,33.12,137.5588,4.7,27.67,Poor,Urban,Sand,Winter,0
23.64,46.93,1020.23,0.36,1.61,1387.05,1.11,7801.37,7.38,66.2,8,-25.7146,-63.2757,6.82,34.87,Medium,Agricultural,Clay,Summer,1
21.54,66.93,1036.16,0.3,0.3,1350.11,2.91,10679.53,6.03,61.26,0,14.8073,-38.0729,2.97,27.81,Medium,Forest,Loam,Summer,0
26.54,34.74,1044.84,4.59,10.81,1510.47,0.78,14078.93,1.07,481.01,6,3.9306,-11.291,1.75,2.23,Poor,Urban,Rock,Spring,0
17.38,61.65,1041.5,1.71,5.73,1503.04,0.4,770.4,1.11,331.95,8,-37.8808,-178.4302,3.95,6.87,Medium,Urban,Sand,Monsoon,0
33.24,78.76,1030.49,27.6,1.35,378.91,1.88,8963.67,4.33,12.13,2,-24.6116,-56.8524,5.73,39.43,Good,Forest,Clay,Monsoon,0
29.41,44.56,1027.52,20.89,3.73,1778.58,0.8,1024.56,4.07,142.22,2,27.6579,155.4052,2.18,44.02,Good,Forest,Loam,Monsoon,0
20.19,71.48,982.21,0.37,3.3,1719.45,1.36,8329.62,2.01,399.23,2,27.6176,125.7331,0.49,38.01,Poor,Urban,Rock,Spring,0
29.44,39.19,1030.2,11.01,11.0,851.06,1.07,6698.59,1.12,447.09,2,33.0565,85.3585,1.76,41.43,Medium,Urban,Loam,Winter,0
38.09,93.06,1000.41,1.38,1.54,1838.59,5.85,7313.67,3.31,148.56,8,-1.4224,-40.3981,7.29,37.14,Poor,Urban,Clay,Winter,1
22.22,68.29,995.45,7.61,0.18,1901.68,0.64,341.15,1.07,294.3,3,20.959,-139.7377,0.33,17.08,Medium,Forest,Clay,Monsoon,1
25.22,47.35,1000.57,1.0,2.76,1830.28,2.58,12252.68,7.04,486.59,8,-7.1462,6.2436,0.01,44.1,Poor,Agricultural,Loam,Monsoon,0
17.82,60.51,1028.82,1.61,0.21,126.14,5.71,14769.61,1.21,174.24,5,-53.1144,-45.4976,5.81,13.71,Medium,Urban,Loam,Monsoon,0
23.75,41.65,1031.33,3.84,2.83,1427.78,0.03,4805.2,6.35,338.72,6,-2.844,174.0954,6.27,30.7,Medium,Urban,Clay,Monsoon,1
18.69,76.21,984.23,4.0,10.48,215.16,0.08,3206.44,2.65,65.33,0,-2.9244,-134.1205,1.42,25.45,Medium,Urban,Loam,Winter,0
16.87,39.69,1051.99,35.25,0.69,223.25,1.23,9917.42,3.16,104.33,8,-12.539,-102.7605,2.9,8.74,Medium,Agricultural,Loam,Spring,0
26.99,56.86,990.94,0.98,2.55,418.7,2.28,5530.1,1.6,181.3,5,29.7026,-84.9752,7.87,1.15,Poor,Urban,Loam,Summer,0
14.4,84.4,1008.11,26.1,8.45,1490.4,0.82,1060.91,2.01,228.94,3,-23.9518,66.1763,5.78,37.27,Good,Forest,Sand,Monsoon,0
24.88,42.32,1014.92,6.39,1.34,1122.51,0.27,14254.65,6.95,86.23,5,29.0559,61.7521,5.03,35.2,Poor,Urban,Clay,Monsoon,1
21.86,63.29,1008.5,19.43,4.01,93.55,7.32,12446.88,1.49,461.68,4,6.325,145.3437,1.06,15.42,Poor,Agricultural,Clay,Monsoon,0
26.1,54.68,1040.19,2.78,0.45,1069.23,4.38,7769.69,6.04,156.23,1,-32.2516,156.4579,6.87,21.06,Medium,Urban,Rock,Monsoon,0
31.19,84.58,991.87,2.73,1.49,614.24,1.82,2660.06,1.28,342.64,4,36.7596,-32.9477,2.95,24.71,Good,Urban,Rock,Spring,0
31.66,86.78,1033.64,4.21,13.35,238.96,0.06,4578.4,6.48,339.76,0,40.3894,153.5564,2.14,40.0,Poor,Agricultural,Clay,Monsoon,1
13.5,37.36,1039.56,3.9,0.93,1883.39,0.77,5075.91,6.8,327.4,3,1.5705,-69.9006,5.09,6.09,Good,Urban,Loam,Monsoon,1
17.49,76.13,1013.8,8.34,0.05,409.39,2.99,4209.01,4.24,162.88,0,-0.4926,-138.6951,7.65,10.08,Medium,Urban,Sand,Winter,1
27.61,99.03,1040.22,8.9,0.28,101.29,4.29,12634.09,3.09,312.84,3,44.5888,-20.1185,4.74,3.76,Medium,Urban,Clay,Spring,0
31.24,73.13,1032.91,21.62,1.42,1808.81,4.8,6570.47,1.21,366.01,4,-59.8384,95.6208,7.53,33.77,Medium,Urban,Sand,Monsoon,0
21.92,40.77,1041.71,37.47,1.39,1435.38,0.31,5002.29,3.82,104.19,1,26.2827,-157.5237,1.26,25.16,Good,Urban,Clay,Monsoon,1
16.29,86.4,1012.96,9.6,0.73,748.0,3.33,8568.49,1.31,192.66,8,18.0928,48.4268,6.07,41.83,Medium,Urban,Rock,Summer,0
7.3,79.19,969.35,52.33,5.38,1588.12,0.06,12175.37,2.75,72.08,7,-40.7716,3.005,3.63,39.7,Medium,Forest,Loam,Winter,0
16.7,81.33,1042.53,5.2,4.94,1539.72,1.59,8138.6,1.16,211.28,4,57.849,115.8903,3.7,40.54,Medium,Agricultural,Sand,Spring,0
23.33,62.25,1002.36,31.12,1.88,1804.91,0.52,2945.44,4.39,339.53,0,-7.4129,156.1721,7.84,6.52,Poor,Agricultural,Loam,Winter,0
30.05,46.39,1007.21,7.94,6.14,543.77,5.57,10018.89,0.85,76.51,9,5.8276,-3.527,7.06,38.34,Medium,Water,Clay,Monsoon,1
18.3,56.16,1019.29,1.49,10.65,1499.24,2.83,9818.62,4.3,83.49,5,16.3512,46.9564,2.22,22.59,Medium,Agricultural,Loam,Summer,0
24.77,48.76,999.93,4.79,2.19,120.86,1.26,14919.98,2.74,370.71,2,-31.9385,101.4673,2.6,4.03,Poor,Urban,Sand,Monsoon,0
24.68,61.84,964.18,0.09,2.52,1174.64,1.69,11271.54,5.53,145.64,4,63.2825,15.5351,5.86,4.22,Medium,Agricultural,Clay,Summer,0
27.42,85.78,1006.94,1.66,2.26,200.86,3.78,4917.47,3.79,168.7,2,2.5471,117.7843,4.41,28.23,Good,Agricultural,Loam,Summer,0
24.7,47.25,1038.63,7.08,0.76,1383.26,0.82,3983.82,7.67,390.67,4,38.6911,35.5585,4.99,37.76,Good,Urban,Rock,Summer,0
25.89,72.78,992.1,60.76,18.48,1932.79,0.86,14869.87,3.92,427.4,0,39.1594,-21.6977,6.1,5.42,Good,Agricultural,Sand,Winter,0
32.51,94.56,995.41,0.29,0.0,512.49,3.83,11530.58,3.05,10.99,6,-13.2307,124.9195,2.07,33.45,Medium,Agricultural,Clay,Summer,1
35.34,78.98,1009.89,34.23,8.33,154.96,2.5,8078.95,0.62,133.14,6,41.3849,89.5367,6.08,19.98,Medium,Agricultural,Clay,Spring,0
26.78,61.15,1027.9,12.94,2.03,1907.33,0.14,9650.13,6.33,239.87,3,69.3541,-170.8151,2.63,29.83,Good,Urban,Sand,Spring,0
25.6,50.64,1000.46,1.43,7.39,434.83,0.51,4198.64,4.9,333.24,7,-19.0104,-83.7197,5.91,1.41,Good,Urban,Loam,Spring,0
33.85,85.3,1000.87,30.49,12.43,163.03,3.54,6822.49,6.99,53.75,1,-47.0359,87.6101,3.78,8.66,Good,Agricultural,Clay,Winter,0
40.83,84.41,985.2,13.33,17.18,229.77,1.74,10409.78,7.18,438.31,9,-4.4534,-27.967,4.1,37.38,Poor,Agricultural,Rock,Summer,1
28.57,97.18,1036.42,2.91,0.37,984.88,0.18,4000.67,1.44,119.82,9,5.616,-15.6216,1.13,43.59,Poor,Agricultural,Sand,Summer,0
25.27,51.9,997.96,12.31,6.43,664.21,2.21,3954.26,5.95,17.88,9,64.0073,137.5712,2.0,42.37,Medium,Agricultural,Loam,Winter,0
23.8,56.94,990.69,15.27,0.88,1952.19,0.76,6490.96,2.56,293.89,1,-35.7549,-95.2148,1.2,33.56,Medium,Urban,Sand,Spring,0
20.61,92.18,1018.32,24.02,0.55,1981.46,0.71,1353.11,0.54,210.18,1,-37.0052,-88.6505,1.69,34.75,Poor,Urban,Sand,Spring,0
45.76,55.99,1021.06,11.08,2.83,1522.63,3.45,10110.55,4.19,393.31,0,46.6843,100.8219,0.11,19.75,Medium,Urban,Sand,Monsoon,0
35.95,64.4,1033.31,4.38,8.38,989.86,10.48,6911.1,1.01,344.46,5,36.1329,-2.0751,2.0,15.92,Poor,Agricultural,Sand,Winter,0
17.34,83.27,1027.23,12.76,11.72,67.64,1.19,10219.42,1.21,211.2,5,-52.6109,78.4187,3.49,44.34,Medium,Forest,Rock,Spring,0
16.27,93.12,1030.33,5.61,8.42,777.67,3.81,9585.77,1.56,328.33,7,-7.1237,-171.2787,2.52,10.25,Good,Urban,Rock,Winter,1
15.0,47.06,1030.47,2.96,12.39,999.96,2.21,4286.12,4.42,181.55,1,24.7744,129.7261,2.99,29.76,Poor,Forest,Clay,Summer,0
25.51,89.49,1031.94,0.62,1.29,518.76,0.98,12062.71,3.4,110.28,2,-39.612,131.2349,0.68,38.64,Medium,Urban,Clay,Winter,1
36.55,49.68,1039.09,42.45,0.33,1215.74,1.31,3757.71,1.73,371.17,3,-15.0426,63.7722,4.68,42.05,Poor,Agricultural,Clay,Spring,1
31.14,53.37,1014.97,3.97,2.56,1412.08,1.67,13887.79,0.69,357.02,4,48.6531,38.7797,7.7,11.53,Good,Water,Rock,Winter,1
17.96,79.35,1031.6,39.43,0.2,1133.98,2.66,3875.05,2.19,39.57,5,-1.7675,-162.5307,6.75,40.42,Poor,Urban,Clay,Summer,1
23.39,53.81,988.26,6.3,2.8,1288.96,5.54,1707.18,1.24,427.87,2,0.2686,-37.8783,1.32,44.6,Good,Forest,Loam,Winter,0
24.32,51.54,1015.27,3.37,1.82,1336.12,6.16,5008.86,3.56,387.86,8,-22.69,-52.513,2.73,20.68,Poor,Water,Loam,Monsoon,0
7.16,55.19,1027.64,6.24,1.61,360.1,1.63,12657.2,1.65,26.04,1,33.5334,142.8965,5.43,37.76,Poor,Urban,Sand,Summer,0
23.63,95.91,1029.16,7.27,3.7,1200.44,0.62,5812.07,4.65,471.57,0,67.6165,-2.5256,2.66,0.47,Good,Forest,Loam,Monsoon,0
27.04,77.07,1050.87,18.07,1.02,1227.1,0.11,1621.51,5.56,44.76,0,-43.1473,-90.4797,1.76,13.68,Good,Agricultural,Rock,Spring,0
16.53,81.04,1030.63,12.61,3.07,1377.28,1.18,5099.63,4.0,448.61,0,59.5088,100.0413,7.23,44.94,Good,Forest,Clay,Monsoon,1
25.22,49.0,1019.43,11.51,19.41,354.43,0.79,8174.03,1.78,20.89,6,43.6133,98.7943,0.55,38.48,Poor,Forest,Clay,Monsoon,0
27.95,61.47,998.71,16.69,3.81,672.24,0.81,13472.55,3.9,208.82,8,65.0563,-73.4936,7.94,33.89,Poor,Forest,Sand,Spring,0
16.0,53.24,1003.09,8.29,6.48,963.78,1.49,2170.29,7.36,465.07,2,-56.6296,125.3625,1.77,29.19,Good,Agricultural,Sand,Monsoon,0
36.44,39.99,1029.51,1.51,6.3,863.56,4.4,4747.89,0.82,328.44,8,-37.4635,-127.6262,3.22,44.86,Good,Agricultural,Clay,Winter,1
24.74,99.4,1044.6,0.45,1.34,793.09,1.19,13828.37,4.7,32.1,3,22.6346,76.7711,7.72,26.96,Medium,Agricultural,Clay,Winter,1
28.94,96.6,1022.06,1.64,3.44,1161.13,0.8,12607.11,6.22,363.23,6,-13.0701,119.1251,2.25,28.1,Good,Water,Clay,Spring,1
28.18,31.84,1040.98,17.46,0.97,111.21,3.8,8537.14,1.46,199.41,1,52.5922,-51.1934,5.1,12.71,Medium,Urban,Clay,Monsoon,0
25.19,87.23,980.39,4.78,0.72,863.74,1.84,210.24,3.11,307.64,6,9.4485,-77.1292,3.27,7.33,Poor,Forest,Rock,Winter,0
19.0,50.35,1027.77,25.26,12.1,337.26,0.13,4467.46,4.86,439.68,3,64.5548,-157.0303,2.72,17.1,Medium,Urban,Clay,Monsoon,0
32.7,67.44,1033.61,15.02,4.35,573.27,2.65,8878.18,0.6,451.81,3,63.5128,72.9862,5.99,2.32,Medium,Urban,Loam,Winter,0
28.96,70.09,1022.59,0.29,0.45,1299.11,1.03,8552.91,2.23,328.21,4,-24.7028,-127.1542,5.7,34.99,Poor,Forest,Sand,Monsoon,1
6.61,67.43,1016.4,5.49,1.67,1808.22,0.41,10252.35,7.43,273.95,4,51.2448,102.4972,1.1,34.77,Good,Urban,Sand,Summer,0
25.99,39.66,1024.3,2.99,2.26,1746.42,0.37,3374.23,3.12,464.19,7,-29.4279,-24.9329,1.3,9.93,Good,Forest,Clay,Summer,0
17.04,57.47,1053.92,8.32,1.38,157.81,0.05,3843.76,1.19,174.81,9,5.3965,127.0618,5.46,27.78,Medium,Agricultural,Clay,Summer,1
24.23,32.26,1019.99,5.9,3.93,1601.97,2.61,14473.47,6.37,156.33,8,69.5581,-96.3634,0.99,29.06,Poor,Water,Clay,Monsoon,1
20.45,58.24,1032.33,2.77,11.07,1829.12,1.09,9882.34,1.74,223.12,9,53.2969,-9.9509,2.65,41.92,Medium,Agricultural,Sand,Spring,0
12.26,45.18,1004.44,0.06,4.98,1228.9,0.42,14160.39,3.57,22.48,3,-52.9914,42.3742,5.54,9.07,Medium,Agricultural,Loam,Winter,1
35.75,36.75,1031.08,0.72,0.87,854.39,0.23,6750.37,4.71,10.16,7,-42.6412,-96.5533,3.0,2.4,Medium,Agricultural,Clay,Monsoon,0
21.99,60.85,1015.5,10.79,19.2,1903.62,1.01,9277.37,7.18,417.21,8,3.4374,80.2245,2.09,6.17,Good,Agricultural,Clay,Monsoon,0
34.0,49.07,1037.9,2.67,0.55,101.08,3.91,842.76,1.17,127.04,7,48.3198,145.2712,0.69,33.09,Medium,Agricultural,Loam,Spring,0
23.34,63.15,1003.12,61.65,2.82,1452.49,2.36,3146.78,0.94,277.54,7,27.4728,173.6063,4.05,11.28,Medium,Urban,Clay,Summer,0
24.06,51.38,1018.22,6.56,12.54,838.11,0.51,2530.65,3.93,402.33,5,-22.3313,-113.7788,6.48,8.37,Medium,Agricultural,Loam,Summer,0
25.13,58.49,1030.68,8.89,1.07,265.1,1.04,3485.59,2.33,447.33,4,14.44,144.136,7.02,16.73,Medium,Agricultural,Sand,Monsoon,0
12.45,48.05,1039.58,0.41,6.13,744.31,3.44,5521.64,3.3,391.8,3,-28.7162,24.5779,7.08,26.56,Poor,Urban,Clay,Monsoon,1
17.12,30.23,988.47,0.48,1.86,444.71,0.25,2397.01,6.77,344.83,5,-6.6733,120.8119,4.02,20.53,Medium,Urban,Clay,Spring,0
17.87,75.25,1026.14,11.62,1.47,1201.12,2.31,7052.54,3.03,313.38,4,18.1625,118.523,3.14,8.18,Medium,Agricultural,Sand,Summer,0
13.71,64.97,967.11,10.77,3.14,1372.36,0.8,6218.53,6.98,171.16,9,39.7978,59.7348,1.01,2.39,Medium,Forest,Sand,Summer,0
52.08,78.43,1012.27,12.42,2.37,827.08,0.94,8094.38,3.9,445.9,1,66.229,48.8652,7.19,31.91,Good,Urban,Clay,Monsoon,1
13.99,66.51,1005.12,10.46,1.89,1429.54,7.39,13464.75,2.69,170.09,5,-52.7004,147.9677,3.94,11.51,Medium,Forest,Loam,Spring,0
29.05,78.0,983.61,23.54,4.68,906.46,1.7,3111.03,5.67,101.57,0,-1.4753,99.12,5.18,40.44,Poor,Urban,Sand,Monsoon,0
18.15,73.58,1033.51,2.08,1.24,134.62,2.75,7654.2,2.29,282.56,1,19.0879,-3.0678,5.02,0.81,Poor,Water,Loam,Summer,0
33.55,95.12,998.76,4.44,8.19,996.82,1.01,14082.49,4.33,239.03,3,-35.5853,11.4509,5.28,42.15,Poor,Agricultural,Loam,Winter,0
18.91,73.76,981.44,15.98,2.15,946.99,3.08,3457.4,2.13,298.72,0,-20.2205,-38.7519,0.57,0.44,Poor,Urban,Sand,Summer,0
26.73,44.63,1015.33,52.15,7.42,1453.14,0.9,8232.08,5.4,313.97,6,-3.58,-86.1735,0.66,16.0,Poor,Urban,Sand,Summer,1
18.84,72.27,1023.87,7.54,20.22,1495.34,1.71,12777.11,1.66,17.46,3,56.1364,-113.0076,6.41,37.32,Poor,Forest,Clay,Monsoon,1
28.52,86.26,999.94,32.98,2.52,675.47,0.43,2794.89,2.91,491.09,2,-24.4279,-146.7355,2.07,3.87,Medium,Forest,Clay,Spring,0
20.4,94.41,1010.08,5.19,4.47,1770.82,1.03,12327.83,7.36,95.29,6,43.6646,-91.0059,1.91,33.19,Medium,Agricultural,Sand,Spring,1
27.85,87.61,1014.12,5.72,3.85,559.06,0.36,7283.01,3.98,265.75,2,17.7195,107.6229,5.62,6.09,Medium,Forest,Loam,Winter,0
20.85,33.0,1017.74,3.3,17.69,1104.39,0.62,2075.53,7.4,187.56,1,-38.0773,-28.2562,6.86,27.2,Good,Water,Clay,Summer,1
38.11,50.69,1017.43,14.19,5.52,1456.44,5.92,6426.72,3.07,345.09,3,-52.4792,-177.6982,1.53,38.11,Poor,Water,Sand,Spring,0
30.51,44.91,1022.97,1.11,3.62,1544.35,2.03,9502.78,6.18,121.24,1,-18.429,-56.8851,0.26,6.12,Good,Agricultural,Rock,Monsoon,0
15.36,52.85,989.93,11.18,3.78,770.85,0.32,429.87,2.14,62.66,6,13.4199,-134.927,4.08,13.61,Medium,Agricultural,Clay,Monsoon,0
24.09,99.96,1008.48,1.05,3.53,1698.67,0.72,3984.56,7.18,159.37,6,14.4215,-26.8383,0.35,34.46,Medium,Water,Clay,Spring,1
19.43,70.13,1050.96,13.69,7.41,1839.79,1.11,4471.82,5.3,213.71,1,-21.5676,69.2427,7.05,3.15,Poor,Urban,Clay,Monsoon,0
28.48,85.53,1014.86,4.05,3.2,401.35,0.03,4416.76,3.27,286.54,9,19.9039,-164.753,7.58,3.15,Medium,Urban,Rock,Winter,1
29.75,64.68,1037.65,9.23,5.67,1768.91,2.92,8673.13,6.68,493.59,4,67.2175,-137.9859,0.95,32.92,Medium,Urban,Loam,Winter,0
31.63,39.34,1009.32,22.22,2.49,1118.81,1.5,9278.09,7.57,476.05,2,-19.6571,-157.2821,0.4,37.43,Poor,Urban,Clay,Winter,1
21.06,64.5,1022.2,11.65,5.28,1202.26,5.18,3505.02,4.2,443.16,8,66.526,130.3855,1.95,17.41,Poor,Water,Sand,Monsoon,0
32.08,57.56,986.07,7.46,4.04,792.69,1.25,3204.3,5.06,381.89,0,16.5909,30.0963,7.82,2.58,Poor,Urban,Rock,Monsoon,0
32.5,55.69,1008.92,19.6,1.85,1063.01,0.31,12392.95,6.02,269.75,4,9.3712,-142.0324,2.98,36.27,Medium,Water,Clay,Summer,1
32.42,76.97,998.86,9.11,1.07,441.41,0.1,3686.62,3.09,418.24,6,15.7402,41.4053,2.26,8.19,Poor,Urban,Rock,Spring,0
38.39,42.99,990.96,17.37,0.99,773.02,0.54,12578.84,6.94,192.29,9,54.0498,121.1627,0.11,5.32,Poor,Urban,Loam,Winter,0
13.66,66.8,1024.63,2.66,8.25,773.92,3.59,5785.98,6.68,173.33,3,52.0128,3.7538,5.06,11.45,Medium,Agricultural,Loam,Monsoon,0
32.17,71.09,1019.06,4.0,3.8,172.67,0.52,11516.85,5.46,91.59,9,-45.8079,55.5246,1.14,38.51,Medium,Forest,Clay,Summer,0
31.34,82.49,1030.35,1.55,0.52,1723.0,3.63,10251.64,5.04,189.77,7,32.1352,14.1676,2.61,7.05,Good,Urban,Loam,Summer,0
25.88,80.21,1003.79,4.6,1.21,1075.26,3.58,4920.86,2.39,146.68,2,41.6186,71.7389,2.87,0.16,Poor,Water,Loam,Monsoon,0
22.99,50.0,1020.81,1.31,7.12,1191.1,1.88,3355.21,5.38,385.07,1,-55.6151,18.4193,2.79,34.12,Good,Water,Clay,Summer,0
26.52,56.96,1033.65,1.2,14.67,1060.44,0.67,5318.21,2.53,304.89,7,-45.1377,36.5364,2.11,39.34,Medium,Urban,Sand,Winter,0
24.02,53.34,1017.8,1.35,2.12,1346.28,0.64,201.69,3.04,232.06,6,1.0678,-84.1095,5.47,2.78,Good,Urban,Clay,Spring,0
28.97,89.29,991.73,3.75,4.31,1460.61,1.02,1088.25,2.22,442.7,3,38.7957,-104.0067,6.15,21.87,Good,Agricultural,Clay,Monsoon,1
36.21,53.11,988.67,10.69,1.4,1442.41,0.89,11878.17,1.53,187.37,6,-2.1756,175.9693,3.39,19.49,Poor,Agricultural,Loam,Summer,0
24.12,90.54,1036.3,0.98,5.29,666.36,0.98,8608.19,4.1,197.07,1,-17.9698,-106.214,4.95,22.75,Medium,Agricultural,Clay,Summer,1
27.22,35.22,1020.78,17.88,0.19,506.4,5.03,12978.54,6.36,234.2,4,8.0681,-133.7774,3.09,19.91,Medium,Urban,Rock,Spring,0
24.65,39.49,1032.75,4.85,0.62,400.43,0.11,6629.59,6.55,297.12,2,-19.1123,103.4844,2.28,35.59,Medium,Urban,Sand,Spring,0
26.89,91.7,1006.42,26.19,9.62,1660.45,0.14,11872.84,6.37,74.33,0,-3.7169,-4.151,4.82,13.04,Poor,Forest,Sand,Monsoon,0
20.78,47.57,1001.7,1.97,5.35,1988.86,2.11,9139.56,3.57,163.16,8,-37.7226,178.4809,7.8,27.54,Medium,Agricultural,Clay,Monsoon,1
10.42,38.92,1018.52,3.51,2.19,1419.91,0.39,1680.96,3.4,234.74,7,23.2899,-157.438,0.14,33.73,Good,Urban,Loam,Winter,0
25.95,63.75,1029.19,0.46,4.13,818.76,2.96,6117.87,5.63,59.69,8,-40.6058,33.1289,5.72,16.53,Poor,Water,Sand,Summer,0
26.48,33.93,991.19,9.34,3.78,1041.53,2.31,762.4,3.95,227.58,3,29.7559,-35.2814,7.84,6.27,Medium,Agricultural,Clay,Winter,1
38.57,43.48,1010.66,14.74,0.91,1598.48,1.27,10301.11,7.38,210.13,3,22.0919,152.3712,6.94,7.27,Medium,Urban,Clay,Summer,0
28.32,54.99,1003.5,27.5,9.24,1817.64,0.7,8648.6,2.91,135.9,6,-24.1501,-106.1517,6.54,4.21,Medium,Water,Clay,Summer,0
35.34,37.05,994.11,5.88,3.5,1515.33,0.68,4036.41,2.77,282.29,3,-14.3761,-161.4231,0.75,15.04,Poor,Urban,Loam,Spring,0
37.16,56.21,1038.24,2.34,6.37,1622.24,0.3,7353.76,2.37,92.37,8,-41.9573,-113.4763,1.52,5.53,Medium,Water,Loam,Monsoon,0
16.63,74.15,1022.35,9.07,0.34,533.86,0.99,3748.84,2.32,290.74,8,-24.2512,8.2949,3.83,24.47,Medium,Urban,Loam,Monsoon,0
13.38,76.43,996.86,39.54,4.93,1763.23,0.8,6163.61,7.3,380.86,6,57.067,18.5928,3.59,23.9,Poor,Forest,Sand,Spring,0
23.23,86.32,994.85,6.3,9.23,683.76,6.32,3221.08,0.79,437.49,5,5.2964,162.3836,1.86,44.31,Medium,Forest,Sand,Summer,0
20.76,48.23,1011.91,2.4,10.1,1197.74,2.89,14356.71,5.33,491.48,6,56.397,21.5786,3.23,21.19,Poor,Agricultural,Sand,Spring,0
10.68,36.09,1038.29,6.34,6.97,720.55,0.54,13977.56,6.66,322.76,9,-53.4632,-34.4459,5.19,14.69,Good,Urban,Sand,Spring,0
11.7,93.4,1027.31,5.21,1.17,1091.18,3.17,389.35,4.29,388.98,6,41.6854,41.6948,6.97,2.38,Medium,Agricultural,Loam,Winter,0
32.15,66.76,1045.4,22.11,0.02,564.22,1.55,2756.57,7.31,327.32,0,12.6249,-179.0096,6.52,20.29,Medium,Urban,Loam,Summer,0
13.34,94.76,1009.77,0.55,10.03,1022.72,1.93,4608.82,7.75,148.11,8,-55.3047,39.0737,6.76,5.25,Medium,Urban,Loam,Winter,0
28.09,75.72,973.11,2.27,12.19,1308.83,1.96,13572.51,7.3,76.42,1,-26.2422,39.9426,4.26,10.09,Poor,Water,Rock,Summer,0
33.2,78.2,1011.18,3.26,2.96,857.93,6.4,2712.13,1.17,441.5,0,27.8423,-99.7251,1.93,35.48,Poor,Forest,Clay,Winter,1
13.68,78.27,993.93,5.52,1.3,860.3,4.1,1122.24,3.26,481.55,3,-7.8878,119.7925,1.57,39.79,Medium,Urban,Rock,Spring,0
25.16,88.13,982.36,1.6,3.97,1422.48,3.94,14039.93,6.38,329.89,6,-0.4764,2.7159,5.33,8.14,Poor,Urban,Loam,Monsoon,0
29.46,56.94,1011.47,1.09,3.11,1296.1,0.02,5051.87,3.45,237.22,3,21.7859,30.3101,0.39,12.78,Medium,Agricultural,Clay,Spring,0
33.88,82.68,1022.93,16.98,5.48,1470.69,0.63,14895.82,1.87,115.1,0,-50.7172,-148.6776,6.69,36.61,Medium,Urban,Loam,Spring,0
22.59,36.18,1002.02,35.26,2.51,1802.38,7.09,13652.48,3.91,391.66,5,29.9737,-89.5252,4.03,43.52,Good,Urban,Sand,Spring,0
17.07,94.42,995.41,16.37,0.76,1538.65,4.88,1269.82,6.69,278.24,1,24.1591,8.1252,1.91,27.12,Medium,Urban,Clay,Summer,1
33.58,56.28,1018.54,12.37,8.35,423.5,4.64,1149.63,7.26,90.18,6,23.3499,-36.3625,0.34,7.04,Good,Urban,Clay,Summer,0
18.96,96.07,1020.44,4.17,6.24,1048.42,0.5,12708.8,6.64,204.08,4,-25.2344,65.1586,6.68,5.78,Good,Agricultural,Loam,Summer,0
42.87,91.33,1006.75,0.01,18.64,718.32,0.83,2261.44,6.94,436.71,8,-31.6602,20.8355,0.19,24.21,Medium,Forest,Loam,Winter,0
21.32,60.67,1030.66,6.36,1.63,759.58,1.83,8744.8,5.27,182.39,7,-58.4335,138.6781,5.68,28.23,Poor,Agricultural,Loam,Monsoon,1
34.7,95.75,1023.43,9.26,1.5,1673.28,0.36,432.01,7.31,291.94,1,1.0455,148.1663,1.56,9.0,Poor,Agricultural,Clay,Summer,0
21.98,59.3,1016.2,8.77,0.34,270.19,2.18,7872.41,1.71,272.27,8,69.8624,29.3716,1.71,0.6,Poor,Urban,Loam,Spring,1
30.18,51.67,1030.92,0.6,3.33,552.37,1.01,4182.14,1.81,199.62,5,-17.1985,-7.096,2.13,15.12,Good,Forest,Loam,Spring,0
21.93,65.6,1004.53,5.98,6.29,101.9,1.38,5053.82,5.23,31.41,3,9.5669,22.5082,5.45,10.07,Medium,Water,Clay,Spring,1
20.13,73.57,1021.13,3.93,3.06,431.33,4.02,8833.64,7.58,291.55,4,61.1624,-71.4165,2.78,18.55,Good,Forest,Loam,Monsoon,0
34.89,47.81,1014.37,23.79,5.06,877.42,8.06,12944.01,6.29,144.21,4,45.1321,-111.4844,3.79,25.28,Good,Agricultural,Loam,Spring,1
33.3,70.91,1018.37,2.4,0.47,1399.19,2.56,2670.72,0.71,210.06,7,19.3699,-140.083,5.65,36.45,Medium,Water,Rock,Winter,0
30.0,77.48,1021.93,2.88,15.38,901.64,0.28,1735.69,5.36,224.48,2,54.7474,115.144,0.47,34.49,Medium,Forest,Clay,Spring,1
29.93,62.44,1026.26,19.99,13.03,656.69,0.51,7017.52,1.84,443.16,3,9.9348,-90.8777,0.05,5.72,Poor,Urban,Clay,Monsoon,0
22.53,95.24,994.77,20.95,2.51,1397.91,0.18,10716.86,7.8,273.37,1,16.7568,54.6959,1.5,28.52,Poor,Forest,Loam,Spring,0
32.65,72.44,992.78,18.69,1.75,1824.14,2.72,5985.67,1.21,135.92,2,-35.3534,110.4662,2.48,14.85,Poor,Urban,Sand,Summer,0
35.89,87.35,1013.32,16.01,0.53,1599.36,0.26,1958.38,7.61,411.5,6,19.6768,91.5937,7.91,27.48,Poor,Urban,Loam,Summer,0
16.51,97.57,985.21,11.97,3.78,1937.75,4.67,7728.81,7.29,208.11,3,5.1391,57.2223,1.86,29.8,Medium,Urban,Clay,Monsoon,1
31.57,71.0,1054.71,3.6,5.11,1658.99,12.5,12592.82,4.68,104.78,5,-26.7206,-126.3569,7.5,9.53,Medium,Forest,Clay,Winter,0
15.43,50.32,987.1,6.08,2.06,1095.89,2.97,10149.47,2.71,269.08,2,-23.1331,149.4876,3.33,38.82,Medium,Agricultural,Clay,Spring,1
26.99,70.67,1005.9,19.74,6.33,563.33,1.71,294.8,4.06,52.15,4,48.952,119.8318,0.34,37.42,Poor,Agricultural,Clay,Winter,1
38.87,36.6,1017.68,7.52,1.72,1945.24,3.89,11025.81,7.5,179.95,2,44.3639,93.3881,1.94,25.74,Medium,Urban,Clay,Spring,1
21.73,59.72,1002.61,0.75,1.2,299.54,6.05,2953.74,6.96,66.25,3,-13.2957,-62.8135,7.04,21.75,Poor,Forest,Loam,Summer,0
18.88,79.09,1012.13,7.31,3.43,600.89,4.7,1448.25,7.02,194.59,1,48.0997,65.5837,5.83,4.69,Poor,Urban,Loam,Monsoon,0
32.32,83.64,1038.28,8.56,1.51,1824.75,0.04,5561.77,5.97,219.31,8,-13.2248,-47.6907,7.26,44.17,Good,Agricultural,Clay,Monsoon,1
40.41,95.59,1026.84,18.79,1.41,1145.25,6.14,11062.18,5.66,379.9,1,30.1173,-85.7725,7.62,33.22,Good,Urban,Rock,Summer,0
20.81,91.93,1027.63,11.76,5.49,730.64,0.12,12468.09,1.78,192.41,8,-47.5549,158.5358,7.07,4.91,Medium,Urban,Rock,Spring,0
25.8,68.27,1005.5,2.33,5.15,1234.11,3.2,13150.52,4.33,250.24,7,10.7518,-165.9398,0.88,39.01,Medium,Agricultural,Loam,Summer,0
28.8,87.25,1028.81,7.85,5.62,1121.2,0.88,8576.03,2.43,225.74,3,50.7583,-42.8109,0.98,14.48,Medium,Urban,Sand,Spring,0
36.56,44.94,1044.57,6.43,9.95,348.4,0.04,9814.73,0.9,490.17,6,41.2715,97.0583,3.47,33.22,Good,Urban,Rock,Winter,0
33.57,45.46,1010.35,15.69,1.02,1630.72,1.91,1560.67,7.21,293.2,3,67.485,171.4468,7.16,38.27,Medium,Water,Loam,Monsoon,1
35.88,51.9,1012.11,5.07,6.02,1830.65,0.18,12936.02,6.45,164.61,6,-52.0157,7.8535,7.17,41.05,Poor,Agricultural,Loam,Summer,0
29.01,30.48,1032.05,9.89,8.31,1181.54,1.11,8800.38,5.15,323.62,8,54.4633,-93.6453,0.07,7.12,Good,Forest,Clay,Summer,0
21.64,76.94,1017.45,10.41,1.23,1516.89,0.18,7392.73,0.57,484.68,6,-39.1269,95.9823,1.27,15.38,Poor,Agricultural,Rock,Monsoon,0
22.12,72.32,968.67,11.05,4.04,702.63,4.43,1312.74,4.0,390.03,7,20.7488,-7.3473,6.66,12.55,Poor,Forest,Clay,Monsoon,0
18.74,99.87,1024.22,17.35,2.11,852.41,0.6,11530.01,3.36,380.04,5,58.5645,-49.2469,0.43,44.19,Medium,Agricultural,Rock,Summer,0
27.83,57.54,1022.28,18.69,0.24,1564.09,0.46,4363.2,4.2,230.37,8,-0.2866,64.885,0.07,32.44,Medium,Water,Clay,Winter,1
28.23,83.63,1011.91,3.8,4.83,99.38,0.62,10804.02,4.78,240.14,3,-21.9906,-37.5225,0.84,1.23,Medium,Urban,Rock,Summer,0
22.72,33.38,1003.55,8.2,6.95,391.42,0.92,347.58,6.8,392.18,0,56.96,101.3216,2.49,24.47,Poor,Agricultural,Sand,Summer,0
14.54,72.01,1041.28,2.44,5.02,56.43,0.83,11238.0,6.56,133.93,8,69.552,160.3325,2.84,41.32,Medium,Forest,Loam,Monsoon,0
39.28,38.51,995.88,3.09,9.04,1807.5,1.55,571.37,7.45,354.01,0,47.9385,94.051,2.04,10.77,Medium,Agricultural,Loam,Winter,1
20.84,80.29,1034.79,4.64,4.66,1293.56,1.04,7740.5,5.95,243.39,3,50.1409,102.6985,0.1,29.76,Medium,Forest,Clay,Winter,1
38.92,91.32,996.91,0.53,1.79,1137.97,1.93,1143.41,5.48,268.75,2,47.6824,-12.5993,3.91,18.76,Poor,Agricultural,Loam,Summer,0
25.37,33.15,999.01,0.3,4.75,606.67,2.71,13451.63,1.55,365.02,1,-30.9527,37.5747,1.45,0.99,Good,Urban,Rock,Summer,0
15.51,48.14,977.93,11.99,7.1,1646.23,0.83,11492.94,5.28,479.38,6,13.7799,152.0916,1.19,23.96,Medium,Urban,Sand,Monsoon,0
23.07,96.61,1018.48,0.61,20.6,1715.53,2.16,11051.43,1.05,30.33,6,5.7937,-13.894,0.01,37.92,Poor,Forest,Rock,Spring,1
27.52,95.12,981.59,8.53,1.4,880.9,0.99,793.89,4.33,71.74,8,-40.3732,110.2864,6.0,19.89,Medium,Urban,Loam,Summer,1
24.69,49.67,1031.55,12.6,10.85,0.61,2.33,11528.47,2.07,249.92,2,-9.1051,-55.429,3.96,27.7,Poor,Urban,Loam,Summer,1
22.26,94.72,993.59,4.76,0.31,835.99,2.21,8944.58,2.59,347.16,5,68.1126,-152.9292,5.45,31.47,Medium,Urban,Loam,Winter,0
36.67,94.19,1008.37,11.5,1.39,1215.71,7.01,14814.55,5.32,444.62,8,-42.4194,-111.2017,1.97,42.88,Medium,Forest,Loam,Summer,0
23.42,60.4,1028.16,12.12,5.44,764.59,1.07,5285.78,2.27,234.49,9,0.8382,-16.3644,4.84,19.75,Good,Urban,Loam,Winter,0
25.03,97.29,951.6,6.13,3.5,664.51,0.06,6552.51,5.41,348.07,1,64.8076,-82.1542,6.38,19.71,Medium,Forest,Sand,Winter,0
25.37,67.02,994.52,15.95,17.26,110.6,1.79,10251.05,7.89,471.87,5,52.9252,-39.4547,7.61,12.23,Poor,Forest,Rock,Winter,0
30.42,55.81,1025.14,10.75,3.35,455.79,2.86,4015.02,3.05,103.11,5,59.6581,-26.2282,1.68,12.78,Medium,Forest,Sand,Spring,0
17.15,85.23,1032.02,19.28,12.67,322.42,0.72,12919.26,1.99,11.7,1,-48.8495,130.0743,0.5,17.04,Medium,Water,Clay,Summer,0
16.96,53.02,1004.11,17.11,0.88,947.33,5.09,14981.81,2.38,468.43,5,16.8963,39.896,6.9,26.86,Medium,Urban,Clay,Winter,1
21.67,56.27,1017.43,0.65,3.69,1306.27,0.38,5637.25,7.48,226.77,1,4.3951,-131.4688,7.35,41.16,Good,Forest,Loam,Summer,0
25.4,41.27,1004.91,2.07,2.87,884.15,0.64,2065.64,7.59,74.5,5,-32.6903,-117.7521,2.8,13.85,Medium,Water,Sand,Summer,0
14.44,72.1,993.95,14.93,3.04,1260.15,2.52,14412.83,1.74,498.72,2,-22.811,-157.0217,2.29,2.07,Good,Agricultural,Clay,Spring,0
16.18,62.77,993.78,24.4,4.2,1042.46,3.29,159.97,1.98,253.13,9,-53.8258,131.607,5.13,15.33,Poor,Water,Sand,Summer,0
22.53,58.51,1031.03,5.68,12.78,1385.13,0.57,2856.5,2.23,139.15,9,-8.0631,-32.359,1.84,9.7,Medium,Agricultural,Loam,Spring,0
13.88,96.78,968.9,6.46,6.93,605.8,3.02,4907.67,3.73,244.95,0,34.4454,160.9595,0.47,33.3,Poor,Agricultural,Clay,Monsoon,1
29.09,55.54,1020.56,7.46,0.62,833.81,0.9,2828.54,7.21,82.56,7,43.1212,-116.5892,7.12,41.04,Good,Urban,Rock,Monsoon,0
26.28,87.48,996.97,19.78,0.15,1878.32,0.09,9256.33,5.7,62.6,4,-22.4752,-19.454,4.15,2.25,Medium,Water,Rock,Spring,0
20.5,82.54,1026.6,21.09,5.43,655.41,5.13,13264.45,5.87,188.2,8,6.9517,178.9687,2.53,11.38,Good,Agricultural,Sand,Summer,0
35.43,64.14,1018.64,14.02,10.11,782.78,0.03,3898.41,7.36,346.9,2,24.0167,-115.7855,2.6,31.56,Good,Urban,Sand,Summer,1
14.34,86.23,1025.75,5.01,3.07,1292.84,2.87,3543.62,7.75,314.94,3,24.8196,-106.2406,5.78,19.57,Medium,Water,Clay,Monsoon,1
41.07,65.16,1035.69,0.17,11.52,1653.96,0.38,6257.77,6.28,490.23,9,27.0995,-165.2084,3.12,19.64,Medium,Agricultural,Clay,Monsoon,1
27.14,90.85,1007.63,0.98,11.97,546.6,1.93,1122.04,3.35,230.86,1,41.3211,151.4218,2.66,26.34,Medium,Agricultural,Sand,Monsoon,1
25.92,32.81,1033.18,25.25,3.36,1737.18,3.89,12254.7,0.96,131.06,0,-2.7946,-116.9494,7.19,20.61,Good,Urban,Clay,Monsoon,1
25.02,64.16,1008.71,1.78,3.41,823.32,4.42,237.88,7.82,315.95,5,59.0493,-33.739,2.29,36.67,Poor,Urban,Loam,Monsoon,0
32.44,70.33,1013.27,5.92,5.48,1667.05,0.66,1702.15,3.75,115.11,8,30.168,64.0542,7.93,25.84,Good,Water,Loam,Summer,0
13.82,52.71,989.4,11.86,4.43,403.99,6.99,6473.11,4.75,354.27,4,57.5383,-95.289,1.78,33.23,Poor,Agricultural,Rock,Monsoon,0
10.18,89.65,987.37,14.76,4.45,549.92,5.56,9834.4,7.78,294.26,6,65.3227,-172.1011,6.5,15.18,Medium,Water,Sand,Monsoon,0
29.23,72.21,1020.55,16.92,1.87,457.17,1.13,10198.28,1.9,343.37,6,28.4818,177.4469,1.04,32.17,Medium,Agricultural,Clay,Summer,1
30.97,47.78,1037.53,11.99,10.89,461.6,2.45,5966.04,1.39,384.1,6,54.7148,-50.094,0.88,11.14,Medium,Agricultural,Loam,Spring,0
8.36,98.8,997.1,18.01,3.27,1758.54,0.85,11808.84,2.18,388.44,1,43.76,-155.3411,5.72,28.13,Poor,Urban,Clay,Spring,1
34.0,59.24,1019.12,7.6,23.72,1063.69,1.7,14939.17,7.96,217.77,6,47.1086,141.0939,3.65,38.36,Good,Forest,Loam,Summer,1
37.73,65.1,1004.04,16.82,6.84,40.96,1.99,6604.91,3.92,411.0,5,-44.8541,152.5721,5.82,0.53,Good,Forest,Loam,Summer,0
37.79,56.24,1029.96,5.63,1.16,1896.11,5.86,12284.49,7.52,336.01,1,13.2206,60.8744,0.72,34.96,Medium,Forest,Clay,Winter,1
24.97,45.38,1016.5,7.08,0.2,1809.54,3.41,10914.73,5.07,294.12,4,-50.0563,-69.6819,2.62,44.28,Medium,Forest,Clay,Spring,1
37.19,78.05,1019.15,8.37,2.53,1741.39,1.23,4558.87,5.22,349.14,7,-47.6496,-155.0574,7.52,10.82,Medium,Agricultural,Sand,Monsoon,1
27.28,98.98,1019.44,27.57,2.2,798.55,2.74,2097.83,2.86,68.09,0,7.8357,3.7507,5.54,13.16,Medium,Agricultural,Loam,Monsoon,0
22.29,54.5,1023.56,2.63,21.41,305.32,0.91,3065.76,2.18,131.07,2,50.4885,-102.3395,5.94,30.73,Medium,Agricultural,Clay,Summer,1
19.27,69.48,1031.5,5.18,3.37,710.33,0.66,10153.97,6.34,438.24,7,37.999,-55.6383,2.43,38.52,Medium,Agricultural,Loam,Monsoon,0
26.2,58.67,993.16,15.84,0.23,821.45,0.77,2203.67,3.34,339.67,4,-10.2654,20.6095,7.98,34.6,Medium,Urban,Clay,Spring,1
18.47,36.64,996.02,4.92,4.43,1156.32,1.57,5146.21,5.8,414.98,5,-54.9016,77.5657,2.49,26.5,Medium,Agricultural,Loam,Spring,0
26.94,42.77,1056.51,15.88,29.87,1938.54,3.01,6329.81,3.03,43.59,4,55.9453,168.6692,1.25,11.45,Good,Urban,Rock,Spring,0
20.54,96.63,1055.64,4.05,3.75,150.9,3.82,6259.11,5.75,344.3,5,-3.4146,-17.5518,0.09,24.51,Medium,Water,Sand,Winter,0
1.04,83.27,1012.44,12.31,1.99,205.1,0.62,2052.32,2.71,138.29,7,36.6729,-106.9303,3.47,14.59,Poor,Agricultural,Loam,Spring,0
33.65,61.31,1043.49,1.01,0.48,1554.68,1.2,12883.71,4.81,313.18,0,-20.3248,106.7551,4.03,13.08,Medium,Urban,Clay,Summer,0
21.8,40.04,1055.4,7.09,11.86,318.88,2.34,8948.5,6.11,83.79,0,12.1863,11.0139,7.94,4.46,Poor,Agricultural,Clay,Spring,0
13.87,41.36,1009.98,2.3,3.39,475.58,0.2,12040.87,4.55,86.86,5,12.5738,77.0007,1.56,18.6,Poor,Urban,Loam,Summer,0
15.26,40.22,1026.91,9.92,2.99,337.91,0.79,4615.4,1.31,277.99,6,26.8283,25.7457,5.07,16.25,Good,Agricultural,Loam,Spring,0
23.82,71.99,973.47,27.27,1.37,304.86,4.07,14133.53,4.16,66.46,1,32.0595,-93.1907,0.88,39.74,Good,Agricultural,Rock,Winter,1
26.01,96.91,992.47,51.56,4.19,347.6,0.36,11481.48,4.94,278.9,4,42.0735,-32.2971,3.26,15.18,Medium,Agricultural,Rock,Winter,0
31.32,92.92,1023.72,0.71,1.8,640.46,1.14,2622.04,4.22,334.98,9,52.7374,-29.3216,2.89,25.0,Medium,Forest,Sand,Monsoon,0
20.53,99.49,1028.85,3.8,10.55,794.71,0.56,3469.83,6.88,161.29,1,-28.1833,-90.9203,1.58,43.26,Good,Water,Clay,Winter,1
19.02,36.31,1032.78,2.31,7.37,1929.5,0.6,12292.06,2.21,343.0,8,17.5739,78.1329,6.75,2.72,Good,Agricultural,Clay,Monsoon,0
31.34,93.26,1024.38,1.04,0.55,1592.8,0.58,972.27,3.51,411.74,1,37.7264,122.895,7.52,1.38,Poor,Urban,Rock,Winter,0
29.26,59.36,987.72,7.02,15.14,840.47,4.27,9945.1,1.41,374.81,2,-22.5543,104.6797,7.93,23.7,Poor,Urban,Loam,Summer,0
35.3,38.75,1029.71,3.24,1.25,759.71,2.88,10734.25,5.47,13.08,3,40.3148,86.0446,4.58,31.88,Poor,Urban,Sand,Summer,0
30.5,30.32,1028.94,3.52,4.89,240.53,0.15,12443.13,3.9,429.29,9,-28.6308,30.8006,7.44,33.47,Medium,Urban,Sand,Winter,0
21.9,66.28,1007.19,7.93,2.04,1260.83,0.14,2262.58,4.6,40.29,7,-14.0226,-132.2314,0.1,39.88,Poor,Agricultural,Loam,Monsoon,0
15.19,61.82,1034.28,0.99,1.66,1265.37,0.49,9748.3,7.42,12.42,1,0.384,144.4744,5.85,0.86,Poor,Urban,Sand,Monsoon,0
40.98,47.81,1003.58,13.94,0.83,791.5,2.13,12442.7,6.44,363.63,0,52.4284,128.6393,0.98,9.76,Good,Urban,Sand,Monsoon,0
34.9,55.16,1026.18,1.98,1.14,23.96,0.86,1466.99,2.91,317.82,3,24.9077,75.2122,2.93,2.18,Good,Urban,Clay,Monsoon,0
22.03,63.63,1016.52,1.27,5.29,1202.93,0.1,4862.31,3.46,131.55,4,-13.1858,-63.5869,2.55,35.67,Good,Urban,Loam,Summer,0
37.42,34.9,997.1,26.42,2.11,1048.01,0.3,14188.81,5.55,36.43,6,41.202,119.2277,2.17,33.33,Medium,Agricultural,Sand,Monsoon,0
12.83,41.34,1048.27,1.96,0.4,1236.15,3.78,410.47,1.0,234.16,4,59.3523,-101.5363,0.86,34.27,Good,Urban,Sand,Summer,0
23.79,33.31,1002.99,1.1,0.77,3.83,0.33,8701.45,6.65,104.78,6,16.1939,-65.1502,1.17,11.6,Medium,Urban,Loam,Summer,1
17.3,53.92,1049.98,0.99,1.24,447.54,5.48,6544.44,0.82,78.02,0,4.8125,-46.7777,4.71,8.4,Good,Urban,Sand,Monsoon,0
29.89,58.74,1035.18,7.01,17.09,1323.22,4.71,2763.5,4.12,455.24,4,-32.5289,37.95,7.3,6.4,Medium,Urban,Loam,Winter,0
23.51,63.91,1009.35,1.43,3.21,923.87,4.31,4513.54,4.7,374.31,2,13.2406,107.1076,4.09,2.62,Poor,Urban,Clay,Monsoon,0
11.99,53.26,1018.27,33.78,1.38,1803.29,1.74,1937.12,4.0,474.79,2,42.7205,-151.3738,4.81,5.03,Poor,Agricultural,Sand,Monsoon,0
14.18,78.15,1023.66,15.82,3.03,1751.44,3.86,13183.06,5.46,159.35,2,-41.7633,-122.5118,5.74,4.49,Good,Agricultural,Loam,Monsoon,0
14.55,40.18,1048.17,11.7,0.69,381.34,3.4,9935.74,5.23,214.92,0,-47.0621,114.0991,6.47,5.77,Medium,Forest,Clay,Monsoon,0
2.99,69.8,1029.98,12.99,7.46,1297.96,0.44,6017.13,1.03,231.32,5,-25.0849,-156.7535,5.13,6.96,Poor,Forest,Sand,Spring,0
30.85,88.98,1052.31,2.02,9.42,1155.82,0.62,4175.94,3.43,235.46,5,2.8498,-42.1314,6.74,5.47,Medium,Agricultural,Rock,Spring,0
20.64,75.43,1032.96,48.61,5.2,222.38,3.7,14503.2,5.84,215.34,2,-6.4635,104.2948,7.75,42.08,Medium,Urban,Sand,Monsoon,0
0.71,92.91,979.56,0.02,6.71,1237.28,5.09,6908.07,5.43,486.65,7,31.3057,127.4455,7.29,25.89,Good,Forest,Loam,Summer,1
36.03,86.34,1005.68,22.29,0.26,1054.31,0.23,3091.06,7.25,253.43,6,-17.493,34.8659,6.95,18.77,Good,Forest,Loam,Spring,0
20.79,56.88,1040.23,1.09,8.47,1537.26,1.99,1611.7,2.47,234.87,2,34.7509,-61.7404,0.03,43.96,Medium,Agricultural,Clay,Winter,1
20.28,34.57,1001.33,12.95,2.39,1768.77,0.58,6853.16,5.29,439.96,6,66.6531,-92.9901,2.56,40.37,Medium,Forest,Loam,Summer,0
27.12,93.28,1023.41,1.8,6.23,1463.75,1.16,1288.1,5.17,35.42,3,-21.0257,115.3634,3.15,44.95,Poor,Forest,Sand,Monsoon,0
31.2,60.26,1028.56,13.0,3.38,133.9,4.42,13363.43,2.92,457.81,2,-28.8107,31.4602,4.07,26.37,Good,Forest,Loam,Winter,1
24.57,71.17,994.66,5.55,1.98,1281.99,0.0,14524.29,2.24,459.38,8,8.499,15.2685,2.64,28.8,Medium,Urban,Rock,Summer,0
36.37,61.52,980.35,11.27,1.01,801.26,0.14,9011.71,7.72,32.49,8,6.4016,-96.7925,1.67,29.56,Medium,Urban,Rock,Winter,0
23.02,76.75,1026.03,34.01,2.47,1359.77,0.7,4068.05,4.81,489.84,9,-27.0666,-79.0956,5.24,38.01,Good,Urban,Loam,Winter,0
28.57,74.3,981.13,83.97,3.6,1102.93,1.07,2300.39,2.77,131.02,5,3.5821,-101.2086,4.37,13.33,Poor,Agricultural,Rock,Spring,0
7.4,78.26,994.5,3.1,0.1,428.01,0.41,607.34,2.91,242.51,7,-0.0572,-14.0029,7.32,9.23,Good,Agricultural,Loam,Summer,1
35.68,79.19,990.66,33.52,3.02,1264.87,1.55,2344.22,3.96,276.97,5,10.499,-92.7111,2.93,44.1,Poor,Urban,Sand,Spring,0
21.24,63.12,1019.41,3.37,11.23,362.58,1.23,8861.91,4.36,416.82,4,27.1824,-142.1761,6.34,18.38,Good,Forest,Rock,Monsoon,0
31.67,86.0,1016.22,5.41,15.51,537.15,0.94,11270.74,2.25,262.53,4,21.8558,26.1758,5.15,6.99,Medium,Agricultural,Clay,Winter,0
25.39,57.69,1048.96,5.02,6.62,995.79,0.83,9419.5,6.78,40.14,2,55.9256,-106.3192,6.22,33.19,Good,Urban,Rock,Summer,0
22.68,99.55,983.76,6.71,4.0,1388.85,6.9,11771.94,2.18,158.47,4,-20.7767,-69.1942,4.07,5.51,Poor,Urban,Clay,Summer,0
26.85,62.1,1034.01,7.98,2.36,255.22,2.9,13925.88,7.63,338.65,1,46.9994,-45.1558,3.83,29.56,Good,Urban,Sand,Winter,0
16.44,45.33,1036.89,0.84,6.17,1006.9,1.7,7138.64,4.12,289.92,9,-9.2329,88.1727,0.23,36.07,Good,Urban,Clay,Spring,1
25.94,68.97,1007.53,5.41,4.28,1470.5,0.22,8343.97,6.68,187.59,9,66.7467,59.3269,5.77,10.53,Medium,Urban,Sand,Spring,0
37.73,43.47,999.79,17.25,1.97,887.98,2.96,9418.35,2.81,199.24,3,-43.8693,111.107,3.41,24.04,Poor,Urban,Clay,Monsoon,1
18.23,71.34,1037.79,13.25,7.18,603.28,0.14,660.53,6.26,198.87,7,17.8573,0.5051,1.48,34.48,Medium,Urban,Sand,Summer,0
26.89,81.05,1034.09,2.7,1.53,450.67,2.33,5300.71,3.54,357.47,2,-21.167,-70.1658,6.63,14.49,Good,Agricultural,Sand,Monsoon,0
25.34,41.12,1012.95,29.48,8.69,1944.43,0.4,3281.43,0.63,365.1,7,43.1804,-158.1083,2.96,25.53,Medium,Agricultural,Sand,Summer,0
23.63,50.7,1000.06,0.17,1.09,791.77,0.44,9075.73,3.86,29.35,3,-38.9,138.1988,3.08,39.11,Medium,Urban,Loam,Summer,0
39.87,51.58,997.74,2.35,2.46,1213.62,2.14,8715.28,7.91,348.63,2,-19.5707,-130.828,0.94,2.76,Medium,Forest,Loam,Monsoon,0
15.24,42.38,996.86,7.87,4.03,454.49,2.49,11020.42,0.66,203.92,1,32.9347,94.3065,3.48,31.44,Good,Urban,Clay,Summer,1
26.11,79.08,997.56,6.57,1.47,652.62,0.15,4459.49,0.83,365.9,4,1.3785,-123.8269,5.07,29.55,Poor,Urban,Loam,Winter,0
18.37,59.94,971.71,9.83,6.62,1569.92,2.1,6622.09,7.63,358.4,5,-30.7524,-165.1649,7.0,21.96,Medium,Urban,Rock,Monsoon,0
14.86,87.42,1030.78,3.69,22.22,1210.29,3.72,1184.95,3.11,371.37,0,19.7381,-55.9554,2.85,11.85,Medium,Urban,Sand,Spring,0
9.49,46.19,990.29,10.1,5.78,935.14,0.11,13785.8,7.85,221.21,2,-3.9221,75.2679,2.67,24.12,Medium,Agricultural,Clay,Monsoon,1
30.31,36.25,1000.85,2.59,1.14,839.65,0.78,10834.98,5.75,169.48,8,-8.491,-132.1826,1.66,30.19,Poor,Urban,Loam,Spring,0
17.02,44.52,1028.34,19.52,1.06,1994.12,0.66,1356.56,5.68,308.72,3,-39.1298,-67.954,3.51,12.19,Medium,Urban,Clay,Winter,0
26.39,34.33,1005.12,13.43,6.93,1302.16,2.64,1410.69,5.95,76.98,3,65.7654,-147.9879,7.54,22.63,Medium,Urban,Loam,Spring,0
31.96,41.48,996.14,18.75,0.71,70.49,1.01,14693.68,1.33,59.84,2,-59.9738,140.7704,3.43,15.14,Medium,Agricultural,Clay,Summer,0
36.44,93.92,1045.33,8.21,4.55,691.43,0.93,10315.54,2.9,283.96,9,-31.732,143.4579,1.33,20.45,Medium,Forest,Clay,Summer,0
23.43,87.49,1028.05,2.2,0.25,1563.36,1.56,7605.51,2.54,45.44,9,68.6047,-54.0937,0.15,24.29,Good,Urban,Loam,Spring,0
40.34,84.26,1042.28,9.55,4.5,1824.71,1.2,3456.46,1.71,206.0,8,-46.2053,30.6901,0.34,5.81,Poor,Urban,Loam,Winter,0
17.98,95.46,1016.42,4.11,29.97,1957.18,3.02,399.0,4.58,52.55,0,19.0898,7.9822,6.32,43.76,Medium,Urban,Sand,Monsoon,1
33.49,90.39,1018.7,7.32,2.13,1279.15,1.18,1313.47,3.33,497.1,0,45.8102,129.3166,7.81,3.97,Poor,Urban,Loam,Winter,0
28.49,79.14,992.97,7.0,0.78,1688.97,2.07,13050.55,7.5,404.79,5,10.8312,18.9704,4.48,3.31,Good,Agricultural,Clay,Winter,0
15.82,90.04,1020.38,26.73,7.46,1881.5,0.72,12930.68,4.17,90.32,5,-15.2894,2.2331,7.1,18.58,Poor,Urban,Clay,Winter,1
20.05,96.1,996.01,0.9,3.96,1044.01,2.59,3995.39,7.51,211.19,5,-13.3563,78.0473,4.22,34.28,Medium,Water,Sand,Winter,0
36.22,35.93,1037.99,30.0,0.57,1126.47,0.8,6504.79,5.08,455.34,1,-39.128,-111.5967,7.9,26.68,Medium,Urban,Sand,Spring,0
22.85,41.44,1045.55,2.9,2.29,139.12,1.76,9152.25,0.97,207.13,8,39.1317,-71.8377,0.38,2.39,Medium,Forest,Sand,Winter,0
26.35,52.24,1002.05,8.75,3.31,667.36,0.2,8435.65,1.35,86.5,9,9.1562,88.8575,1.72,4.24,Medium,Agricultural,Sand,Summer,0
12.62,75.23,988.81,1.23,0.49,1320.03,1.58,6509.98,1.64,211.4,1,65.662,-134.5434,0.02,2.17,Poor,Urban,Loam,Winter,0
26.72,32.52,1010.8,38.66,0.3,1507.7,0.09,13980.27,1.31,34.73,3,63.3193,-115.4512,5.36,20.51,Medium,Forest,Clay,Spring,0
22.06,98.49,1004.97,12.63,1.44,1181.9,1.53,12682.65,5.97,417.54,9,16.659,-55.0635,5.56,1.44,Poor,Agricultural,Clay,Winter,0
35.08,58.15,1017.24,17.64,6.43,1841.73,0.79,1664.92,3.73,395.05,9,41.326,51.3543,4.25,33.93,Good,Water,Rock,Winter,0
19.19,49.0,1018.98,0.06,0.74,878.46,0.32,13534.78,6.54,45.09,7,62.9086,179.1172,6.55,36.14,Good,Forest,Clay,Winter,1
26.23,85.57,1040.65,3.23,3.55,1128.05,5.73,4072.3,7.53,404.38,3,-42.7988,-16.3832,2.79,34.23,Poor,Urban,Clay,Summer,0
24.12,88.7,1030.34,38.86,5.66,1803.02,0.29,12466.91,2.53,241.57,7,-36.2263,109.2159,1.01,6.26,Medium,Urban,Clay,Summer,0
16.7,58.29,1004.73,8.1,0.15,1255.28,1.01,244.92,5.55,359.07,9,-27.4344,70.1717,5.57,42.33,Good,Agricultural,Clay,Summer,1
38.33,56.51,1005.45,19.62,2.83,80.08,0.04,9736.46,4.55,275.94,9,-12.9894,129.4077,1.85,11.56,Good,Urban,Loam,Summer,0
29.6,45.59,999.58,34.78,5.05,1385.04,0.49,13401.32,5.51,433.56,3,18.0664,-128.7796,5.96,22.11,Good,Agricultural,Rock,Winter,0
13.82,82.73,1036.47,3.16,4.97,49.16,1.98,14278.96,2.26,391.31,8,-40.864,167.5969,1.69,1.79,Medium,Agricultural,Sand,Monsoon,1
21.79,74.14,981.48,1.88,7.23,728.81,3.4,1559.74,5.6,153.73,1,65.8467,-30.6658,4.16,44.39,Medium,Urban,Clay,Winter,1
29.35,94.06,999.43,27.07,4.54,959.28,0.31,11912.57,7.59,445.84,7,67.8184,-99.6372,2.85,44.09,Poor,Urban,Sand,Summer,0
22.65,89.5,1026.85,0.98,0.21,1008.09,0.12,5948.1,7.23,128.33,6,38.3104,-167.0793,4.48,44.66,Medium,Agricultural,Loam,Summer,0
28.67,67.52,1024.22,1.25,5.27,131.34,0.21,5033.99,3.28,236.37,9,7.5466,162.1394,3.65,23.18,Medium,Urban,Sand,Monsoon,0
15.15,32.35,1019.51,4.12,2.79,123.61,3.37,5226.75,7.35,85.66,2,55.2961,178.8863,4.51,31.88,Medium,Urban,Clay,Summer,0
25.89,86.74,1000.73,0.37,4.18,743.52,4.46,2266.27,4.73,485.75,0,21.1925,-139.3155,5.73,4.52,Poor,Urban,Clay,Monsoon,0
18.02,38.44,1009.62,8.77,19.33,1143.9,5.95,6717.58,3.77,255.0,5,12.4234,157.0588,3.54,35.71,Poor,Urban,Loam,Winter,0
25.41,98.8,1015.68,7.6,1.13,888.79,7.87,5619.17,7.68,400.54,9,50.662,-82.0954,6.81,35.03,Medium,Urban,Clay,Monsoon,1
34.5,86.72,1039.9,1.5,7.65,1998.55,3.81,11302.0,5.47,216.67,0,35.9646,104.6373,6.7,24.48,Medium,Forest,Clay,Spring,0
19.04,97.82,1011.56,35.87,4.72,784.41,1.43,11458.26,2.17,226.44,6,4.8939,-134.8351,4.25,1.96,Good,Urban,Sand,Monsoon,0
14.64,46.86,1031.93,1.37,7.06,1381.51,1.88,708.52,6.22,324.52,6,31.0203,167.6822,5.99,15.0,Poor,Urban,Clay,Winter,1
28.44,73.48,975.35,16.51,2.62,1068.49,6.73,4530.69,2.36,358.19,4,7.0332,-125.7368,2.39,0.32,Poor,Agricultural,Loam,Summer,0
42.55,71.77,1025.92,10.96,1.11,537.41,1.16,6747.31,6.31,190.02,3,46.0142,-16.9274,6.68,10.29,Medium,Urban,Rock,Spring,0
32.98,36.68,1020.74,13.23,6.78,1163.05,1.33,4884.21,3.14,340.47,8,16.8924,-45.9057,7.15,2.52,Medium,Agricultural,Loam,Monsoon,0
5.08,54.75,999.67,1.08,3.92,603.66,2.16,4856.14,3.73,35.66,4,46.7172,-56.5689,5.57,15.86,Medium,Urban,Loam,Spring,0
17.97,34.27,997.86,2.11,2.96,1007.48,0.63,9788.63,3.02,189.95,3,58.82,144.5319,0.03,12.66,Medium,Forest,Sand,Spring,0
24.75,74.41,993.48,1.09,3.67,1155.04,2.71,3599.06,2.7,289.07,9,32.8645,117.3895,1.74,44.37,Poor,Urban,Clay,Summer,1
26.18,30.42,994.3,12.47,1.1,259.17,0.82,11588.56,1.3,122.62,9,15.8655,-75.6017,5.06,3.41,Poor,Water,Loam,Spring,0
35.96,72.52,993.46,0.2,1.1,956.26,1.18,7798.46,5.86,344.18,7,20.964,-138.4509,3.9,10.64,Poor,Urban,Loam,Summer,0
27.81,62.32,1024.08,41.58,3.05,224.9,9.83,440.03,4.62,161.46,6,31.0809,-175.6936,5.11,4.56,Medium,Agricultural,Sand,Winter,0
20.07,49.03,1051.51,19.72,5.23,1596.03,1.61,2660.81,7.85,99.54,4,58.6217,-159.7581,7.41,8.15,Good,Urban,Sand,Summer,0
37.16,36.16,1027.6,9.88,3.02,1771.56,0.98,10223.87,2.21,137.09,3,-58.6723,129.1345,1.03,7.73,Medium,Urban,Sand,Summer,1
30.72,82.06,1003.84,8.29,3.28,517.95,1.27,9008.04,5.84,91.65,8,9.7926,-102.6171,6.78,41.41,Good,Urban,Clay,Summer,1
26.69,96.63,1025.99,0.97,0.31,1208.38,6.77,7590.55,0.89,118.4,0,57.6361,5.603,2.7,1.96,Medium,Urban,Clay,Monsoon,0
33.4,86.77,1014.58,0.79,1.13,1315.42,1.17,4431.43,3.64,228.15,3,-16.5191,102.4059,6.25,12.97,Poor,Agricultural,Clay,Spring,0
24.48,47.95,1025.19,7.37,5.73,637.6,2.58,3858.56,1.34,279.36,7,9.6365,34.5495,2.7,28.68,Medium,Urban,Rock,Spring,0
26.06,37.62,973.65,0.74,2.81,1483.39,0.63,8478.98,2.59,200.42,2,-22.8648,-56.406,3.36,2.98,Good,Agricultural,Clay,Monsoon,0
19.79,44.45,989.9,26.6,0.05,1167.72,4.09,2875.98,4.92,34.82,1,-32.9361,-15.7392,7.12,16.0,Poor,Forest,Rock,Monsoon,0
21.78,74.32,1014.75,30.24,0.41,1164.91,4.94,244.46,5.23,242.7,0,-8.4727,-139.1567,7.91,41.29,Poor,Urban,Sand,Winter,0
14.83,64.5,1018.33,20.69,7.42,162.38,3.96,4180.04,5.49,81.73,0,-28.2154,157.3114,4.81,29.07,Poor,Agricultural,Sand,Monsoon,0
20.95,67.08,994.42,18.74,15.49,41.17,0.87,10055.34,4.46,472.08,6,-31.7141,81.3137,3.5,30.1,Poor,Forest,Loam,Summer,1
21.85,32.4,1005.73,22.24,6.99,1266.52,5.25,8668.64,1.47,96.66,7,34.0816,123.7046,6.46,21.09,Medium,Agricultural,Sand,Summer,0
34.42,54.97,1031.25,8.47,12.03,1952.63,0.52,2973.18,5.58,213.2,8,4.3091,-9.8719,6.45,35.88,Medium,Urban,Sand,Spring,0
35.01,74.68,989.54,4.79,0.04,504.55,2.01,1178.36,1.31,327.05,8,62.9425,160.3957,2.57,22.04,Medium,Agricultural,Loam,Winter,0
30.75,64.82,1027.72,15.88,1.51,244.51,1.11,14160.1,4.26,321.28,9,43.7598,100.8819,5.88,1.77,Medium,Urban,Rock,Winter,0
23.8,36.03,1000.04,4.48,4.23,1757.74,0.67,9388.88,1.73,183.44,8,17.8058,9.9404,6.42,2.22,Poor,Urban,Loam,Monsoon,1
15.13,39.83,1018.05,9.76,1.86,881.76,0.89,9760.21,4.03,482.09,5,6.1379,18.9251,5.92,11.58,Medium,Forest,Clay,Spring,0
33.09,49.61,1027.93,5.24,0.19,474.13,3.02,9129.2,2.04,136.15,7,26.3666,22.0005,1.67,15.04,Medium,Agricultural,Clay,Monsoon,0
32.68,62.05,1019.0,12.88,8.58,272.05,2.45,13805.63,4.82,101.2,8,51.3859,-128.2108,7.49,35.34,Poor,Urban,Clay,Spring,1
25.61,74.98,996.14,31.84,11.5,881.37,5.7,6540.76,5.52,137.21,2,48.9849,-86.5891,6.47,17.1,Poor,Agricultural,Clay,Spring,1
30.71,77.22,1019.56,17.59,3.92,137.85,0.21,8360.44,2.96,118.08,8,44.3305,85.8684,5.33,17.32,Medium,Water,Clay,Monsoon,0
36.02,59.01,1020.57,8.93,0.29,1971.54,3.22,13045.26,5.71,101.16,4,-39.0596,-30.8158,3.12,39.65,Medium,Urban,Loam,Winter,0
33.09,70.91,1029.07,1.03,4.25,1906.93,0.84,9631.35,7.7,401.02,5,31.9361,-50.6883,0.46,31.31,Poor,Water,Sand,Monsoon,1
35.0,57.13,1006.23,9.24,1.18,833.05,5.25,8540.13,7.26,451.99,2,28.5349,59.8494,5.35,12.87,Medium,Agricultural,Clay,Winter,0
38.08,89.79,1027.32,29.22,12.38,812.09,4.54,111.16,3.14,65.8,5,-12.2496,174.1959,7.42,11.52,Medium,Forest,Sand,Monsoon,0
16.27,42.95,1004.11,0.21,4.05,1858.23,2.5,14895.17,7.32,251.01,1,48.8959,-145.881,3.38,34.2,Medium,Agricultural,Loam,Spring,0
21.6,59.76,1029.76,16.31,0.47,1718.99,0.75,121.61,2.26,53.86,3,19.9813,-99.3161,2.55,5.12,Medium,Agricultural,Clay,Summer,0
13.43,59.3,1036.15,0.12,0.65,1139.72,0.49,2254.2,2.93,90.13,3,-51.8546,89.0796,1.31,35.97,Medium,Agricultural,Clay,Winter,1
22.04,75.08,1003.51,25.45,2.95,971.27,0.54,5806.86,2.65,181.78,9,28.6334,-61.117,0.33,30.63,Good,Urban,Sand,Monsoon,0
28.94,53.67,990.83,0.45,4.42,786.15,0.91,4039.03,0.54,99.36,9,-41.41,135.1225,2.21,39.35,Medium,Urban,Sand,Summer,0
35.65,59.76,986.57,11.14,4.64,488.91,3.35,12004.82,7.92,95.77,6,5.83,164.6134,6.98,28.9,Good,Agricultural,Sand,Winter,1
12.13,98.58,1046.04,3.7,7.08,1116.41,0.52,360.5,3.38,278.37,5,41.598,80.244,3.26,41.02,Medium,Agricultural,Sand,Spring,0
24.05,38.82,1011.82,9.39,4.67,520.37,2.6,11627.24,7.4,296.62,0,36.6041,-102.7856,0.69,43.94,Poor,Water,Sand,Monsoon,0
19.19,85.08,1025.37,2.62,0.52,957.65,3.36,5834.48,0.72,281.12,0,-34.7935,3.7106,6.32,31.68,Medium,Forest,Sand,Winter,0
21.77,74.94,980.08,6.95,11.67,1879.71,0.36,12808.4,4.11,232.13,9,9.9156,-91.4978,7.77,22.89,Medium,Urban,Loam,Summer,0
30.51,61.33,985.13,6.58,14.29,1412.32,0.61,7608.44,4.0,399.58,4,42.8255,113.5258,5.49,21.92,Poor,Urban,Loam,Winter,0
19.49,50.12,1003.36,3.97,2.76,1310.81,0.64,859.55,3.3,429.26,8,27.6994,-48.5502,4.26,43.92,Medium,Water,Sand,Winter,1
31.55,77.97,1041.45,8.45,0.23,299.13,5.11,3570.58,7.95,343.0,9,-4.2345,-155.3065,7.36,35.77,Good,Agricultural,Loam,Monsoon,0
25.66,32.61,993.21,2.0,1.32,1310.68,1.27,6930.35,6.26,233.79,2,-40.4545,42.1999,2.46,29.35,Good,Urban,Loam,Spring,0
33.91,36.75,1054.43,16.04,18.09,362.46,4.51,8396.46,7.52,96.28,1,0.7795,164.6739,7.36,10.46,Good,Urban,Sand,Monsoon,0
22.74,80.4,1035.11,11.77,1.15,899.19,1.67,10760.4,6.67,382.37,8,25.5367,-45.9344,6.63,18.48,Medium,Urban,Clay,Winter,0
21.84,57.46,1020.74,17.29,1.15,1731.42,1.38,5555.69,5.47,177.28,6,-28.9528,74.4026,4.04,27.89,Medium,Urban,Loam,Spring,0
35.1,45.73,1001.12,15.48,5.95,1358.16,1.29,11213.73,0.6,159.75,1,-40.7927,92.1017,3.15,31.94,Medium,Urban,Sand,Monsoon,1
30.17,45.42,1055.76,13.98,1.81,553.72,1.27,10174.63,7.47,79.27,0,56.7867,-106.5935,3.13,40.8,Medium,Forest,Loam,Monsoon,0
29.75,88.17,1020.28,2.93,1.3,1728.77,0.18,6187.6,6.65,408.49,6,58.8913,126.4507,4.28,17.75,Medium,Urban,Rock,Spring,0
22.43,86.2,1006.02,8.66,15.63,462.91,1.33,14663.68,6.7,367.02,9,-48.7075,159.0429,1.41,36.95,Good,Agricultural,Loam,Summer,1
19.6,69.92,1043.18,3.47,1.39,648.59,3.36,6454.72,2.84,222.16,1,52.9851,-165.9788,7.2,17.39,Poor,Urban,Sand,Winter,1
17.74,87.63,1019.95,15.08,3.46,425.37,2.01,2428.25,1.93,317.08,3,-58.9098,17.433,7.7,3.86,Poor,Forest,Clay,Monsoon,0
28.88,35.19,1025.65,18.1,1.96,705.72,0.4,12546.03,3.54,33.93,8,-28.0419,43.5198,5.82,21.69,Medium,Urban,Sand,Summer,0
28.71,92.21,1026.81,13.3,11.69,109.11,1.22,11228.79,4.87,95.83,0,6.9309,127.7528,2.09,15.44,Medium,Agricultural,Loam,Summer,0
25.64,56.47,1010.13,29.72,2.72,1633.22,0.66,4556.42,4.97,499.01,4,16.4315,-163.7472,0.13,39.76,Poor,Forest,Clay,Winter,1
27.56,62.1,1033.62,12.49,1.27,219.57,2.87,14376.98,4.83,246.45,9,-52.1259,-106.8453,6.04,34.09,Medium,Urban,Sand,Winter,1
23.89,88.87,999.83,1.57,4.04,1357.01,0.52,7733.72,7.34,260.99,4,28.6514,42.8007,7.32,22.83,Medium,Urban,Sand,Spring,0
20.21,87.72,1041.05,15.11,4.91,510.68,0.22,3864.46,4.32,489.94,0,22.2314,13.0694,5.46,17.37,Medium,Urban,Sand,Spring,0
14.81,47.96,1018.82,2.48,0.37,695.71,7.72,5372.82,3.95,330.01,7,10.0237,-47.7747,6.2,2.55,Poor,Agricultural,Clay,Summer,0
13.0,94.82,1000.85,26.73,2.69,787.49,0.73,12850.77,4.76,53.87,4,-16.0776,-144.2064,4.28,18.7,Good,Agricultural,Clay,Monsoon,1
22.87,75.2,988.73,3.34,2.01,244.06,1.07,8799.47,1.37,311.24,9,13.9049,40.609,5.43,14.17,Medium,Agricultural,Clay,Winter,0
32.66,56.77,1016.06,0.35,6.49,1886.69,0.35,9693.72,6.6,453.48,6,-38.034,-153.3528,4.46,18.56,Poor,Urban,Loam,Winter,0
34.51,45.58,1004.51,1.27,3.48,1292.38,1.83,10736.71,0.93,219.82,0,61.7104,-94.6007,5.86,32.71,Poor,Urban,Loam,Summer,0
28.74,73.33,992.31,3.08,3.13,1788.6,2.97,3481.46,7.09,42.98,7,-17.222,-84.5502,5.52,21.22,Good,Urban,Sand,Summer,1
21.04,78.56,1002.98,5.22,7.62,1417.9,0.43,8487.46,6.07,320.19,5,46.2285,174.3074,3.82,40.99,Good,Agricultural,Loam,Monsoon,0
32.95,56.56,1032.39,5.51,1.74,296.52,1.23,13509.24,5.38,37.53,6,34.5804,-125.9567,7.48,37.32,Medium,Forest,Clay,Spring,0
16.58,52.92,1031.97,4.85,0.39,1478.35,0.39,12096.29,6.84,322.83,9,33.689,-73.1098,3.14,29.84,Poor,Agricultural,Loam,Monsoon,1
27.14,89.35,1038.74,36.71,15.74,1712.18,0.02,13297.34,1.06,427.09,3,4.209,-133.857,7.47,14.52,Good,Urban,Clay,Summer,1
24.12,38.92,1011.74,1.19,10.3,1860.87,1.29,9493.21,5.72,201.74,4,25.8515,17.6572,6.94,15.34,Poor,Urban,Sand,Spring,0
18.54,63.3,1006.33,5.1,6.4,1906.01,2.8,2773.79,7.52,202.15,8,-51.8307,96.3203,5.32,34.14,Medium,Forest,Sand,Spring,0
13.18,51.63,1002.78,4.95,1.84,1449.24,1.35,387.97,2.2,357.73,8,-24.162,175.8515,0.97,1.59,Poor,Agricultural,Clay,Monsoon,0
31.28,99.83,1003.61,8.88,1.85,1347.06,3.73,2653.12,3.89,166.4,4,43.7041,-102.4299,6.25,37.38,Medium,Forest,Rock,Summer,0
14.55,37.77,980.09,2.74,0.9,318.4,0.02,11927.33,4.01,404.04,4,20.1793,63.9954,4.03,4.23,Medium,Agricultural,Loam,Summer,0
19.26,67.79,1020.25,13.04,4.03,1898.06,0.21,10862.59,6.68,354.3,7,50.4736,-96.2043,2.64,37.21,Medium,Agricultural,Clay,Summer,1
21.19,59.74,1003.7,14.05,9.17,1958.47,0.15,3328.56,6.17,274.89,2,35.7388,23.3635,6.18,10.48,Poor,Urban,Loam,Spring,1
27.84,52.84,1050.0,7.75,4.48,1130.57,2.06,14110.29,3.42,157.56,4,55.4381,47.8186,3.47,24.36,Medium,Forest,Loam,Monsoon,1
18.05,36.78,1008.39,15.78,2.77,1602.28,0.64,3921.3,2.38,311.91,4,-1.7123,105.1914,3.41,10.59,Medium,Water,Clay,Winter,0
14.95,76.91,1024.59,10.1,12.87,1253.35,1.05,2984.16,5.43,67.02,0,-3.5894,-109.8662,0.95,42.57,Good,Urban,Loam,Monsoon,1
17.59,72.31,1004.46,6.48,0.02,1951.42,0.86,3947.25,2.17,87.82,7,-24.7989,-54.4386,2.64,13.07,Medium,Urban,Loam,Spring,0
32.65,40.25,996.27,28.25,0.93,740.05,0.45,4371.8,6.21,243.44,4,31.2083,8.7299,3.24,20.58,Medium,Urban,Loam,Winter,0
17.43,87.14,1006.97,28.43,2.46,1457.28,1.06,7583.78,6.77,50.88,3,65.4933,72.4307,4.74,29.21,Medium,Agricultural,Sand,Winter,0
16.46,40.34,1033.67,1.39,5.03,655.91,0.64,8921.68,0.69,130.65,0,-40.3069,-41.5534,7.29,40.79,Poor,Forest,Loam,Winter,0
23.13,95.25,997.1,2.61,1.93,1493.65,2.65,13691.81,3.41,262.15,2,32.6828,55.2871,1.83,24.38,Poor,Urban,Clay,Winter,1
42.34,91.56,1001.83,14.28,11.98,1208.77,4.01,4031.26,3.73,423.45,7,-12.7587,-68.7482,6.97,16.34,Medium,Urban,Clay,Winter,1
25.74,67.78,997.19,4.66,4.21,916.24,1.35,11354.52,4.44,168.59,1,46.6288,144.5106,2.37,31.25,Poor,Agricultural,Clay,Monsoon,1
3.48,94.3,1007.56,4.46,13.82,918.86,6.67,11086.59,6.72,61.39,5,31.0475,-152.9396,3.65,3.65,Poor,Urban,Clay,Winter,0
27.01,47.05,1011.82,9.41,9.39,1604.05,0.19,10489.39,2.43,184.31,6,-45.8878,-124.7612,6.33,7.48,Poor,Urban,Rock,Summer,0
34.69,82.73,1024.63,12.68,0.26,1564.32,1.39,9771.38,7.67,407.23,0,27.3649,-9.5314,2.2,32.88,Poor,Agricultural,Loam,Spring,0
29.12,45.6,1019.42,44.88,0.83,1201.38,2.14,6342.4,4.06,446.55,0,25.7508,-40.9087,0.34,19.26,Good,Urban,Clay,Spring,1
24.45,59.35,989.68,10.96,0.28,1317.5,0.88,13897.99,6.87,205.76,0,44.5995,28.2132,3.09,20.94,Poor,Agricultural,Clay,Spring,1
24.32,47.7,999.95,1.35,5.38,452.22,0.04,6334.45,2.83,166.12,2,44.9731,71.5891,4.33,38.29,Medium,Agricultural,Sand,Winter,0
19.25,90.31,997.71,9.83,2.54,374.2,1.88,2846.22,4.03,341.98,7,-23.6267,-159.449,7.38,1.79,Poor,Urban,Loam,Summer,0
39.33,74.32,1002.78,8.35,1.98,1456.4,2.12,2525.72,7.73,282.28,3,-50.3177,2.3722,6.79,28.82,Medium,Agricultural,Rock,Spring,0
42.21,49.2,1030.7,17.53,0.9,1.7,6.09,5934.2,7.68,146.19,0,15.357,15.0824,5.22,7.14,Good,Urban,Sand,Monsoon,0
16.88,52.06,1016.41,10.84,0.86,617.68,2.43,9797.0,1.18,292.86,5,3.761,-112.6438,2.53,13.07,Medium,Agricultural,Loam,Summer,0
36.5,72.63,1023.39,5.42,0.83,927.4,0.7,10469.21,3.81,426.44,1,-23.5474,4.0226,2.01,32.49,Good,Urban,Loam,Spring,0
35.07,57.49,1024.82,1.77,2.84,1543.78,3.04,3535.03,1.81,461.07,9,48.927,145.9493,5.88,2.09,Poor,Urban,Sand,Summer,0
16.16,54.99,1025.57,15.26,5.16,652.55,2.18,11503.16,4.94,127.35,9,30.6886,-152.4309,6.42,37.02,Medium,Agricultural,Sand,Spring,0
38.65,72.17,1036.11,10.5,4.99,260.81,0.54,9323.01,0.63,321.02,6,-1.282,-0.8187,7.09,38.86,Medium,Water,Loam,Winter,0
23.91,90.68,1033.11,1.4,5.06,1357.41,2.14,6760.71,5.63,127.34,6,-8.9163,130.6392,4.68,15.2,Good,Agricultural,Loam,Monsoon,0
36.53,68.57,1018.77,1.18,8.29,1521.17,3.43,2937.4,2.54,154.92,3,-16.1628,6.0067,1.66,3.05,Good,Urban,Clay,Summer,0
29.33,71.24,999.11,2.65,7.0,895.08,2.29,9967.63,1.33,421.59,2,-54.163,-141.5816,4.98,3.47,Poor,Agricultural,Loam,Spring,0
25.06,78.9,1040.56,6.03,1.36,1940.81,1.67,2051.63,3.55,171.38,1,-15.7508,6.1493,5.02,26.11,Medium,Agricultural,Clay,Winter,1
32.33,45.26,1030.9,7.4,6.12,1204.56,0.97,14107.76,4.35,485.24,8,-56.254,77.3199,6.77,29.1,Good,Agricultural,Clay,Winter,1
12.85,63.59,991.45,20.18,1.45,201.93,4.0,491.72,7.33,159.82,2,37.4787,152.696,1.06,40.6,Medium,Urban,Sand,Summer,0
23.52,79.22,1026.56,32.44,0.83,1725.42,1.09,11013.08,2.7,173.65,3,2.8192,155.2525,6.36,18.35,Medium,Agricultural,Clay,Spring,1
27.35,35.98,983.95,1.68,1.42,1965.79,3.19,10135.97,7.37,478.54,4,57.6308,36.792,3.15,34.83,Poor,Urban,Clay,Monsoon,0
22.32,62.39,987.62,5.22,3.11,1426.48,0.92,8261.48,2.78,183.28,9,12.87,109.2867,3.92,32.54,Medium,Forest,Loam,Spring,0
22.53,60.59,1014.64,9.13,17.11,1754.03,0.66,7657.43,0.92,127.97,6,40.1444,78.6298,1.12,25.12,Medium,Urban,Clay,Spring,1
36.77,92.93,1027.65,19.16,1.23,116.12,5.18,14726.86,4.76,445.32,7,38.1338,19.5785,4.05,29.26,Good,Water,Rock,Monsoon,0
33.41,93.64,1007.42,23.45,8.88,813.2,0.35,5075.95,6.25,124.11,5,-23.1115,-131.4157,7.25,32.23,Poor,Agricultural,Loam,Monsoon,0
18.89,74.53,988.25,2.83,1.33,572.4,1.8,7440.19,6.81,351.99,0,24.782,138.1411,5.08,43.08,Medium,Agricultural,Clay,Spring,1
35.22,68.02,1004.09,21.4,17.94,295.27,1.0,10008.22,2.79,140.85,6,-38.3964,169.1872,0.31,23.38,Poor,Forest,Clay,Spring,0
6.22,35.98,1010.44,13.32,0.03,915.32,2.0,6517.59,1.45,391.34,9,-1.3269,143.4468,2.22,41.18,Poor,Urban,Rock,Spring,0
35.73,39.05,1002.09,5.75,6.0,814.03,0.12,10606.17,4.27,15.54,4,7.3424,-123.1615,2.43,39.34,Medium,Urban,Sand,Monsoon,0
27.31,80.22,1012.76,49.02,3.02,281.56,2.6,11688.63,6.9,157.71,1,69.6515,-157.9306,0.59,36.17,Medium,Urban,Clay,Summer,1
23.83,64.74,1025.37,2.82,0.0,1798.67,0.17,14467.31,1.48,306.39,5,26.0515,81.6392,3.53,22.18,Medium,Agricultural,Loam,Spring,0
29.78,60.36,966.2,6.46,1.68,339.9,0.22,6825.84,1.44,130.04,8,27.6234,152.5533,0.87,39.71,Medium,Agricultural,Loam,Summer,0
34.07,92.8,987.21,15.25,3.1,1907.84,8.46,7447.2,6.98,12.34,7,-49.6287,-173.8618,0.18,34.79,Poor,Urban,Sand,Spring,0
18.33,87.53,994.37,43.37,3.12,643.54,5.36,7556.68,5.98,212.73,3,56.7814,115.1602,7.22,40.94,Medium,Urban,Clay,Spring,0
14.94,85.54,1034.93,6.7,0.77,1769.0,0.83,10513.0,2.68,255.03,3,64.0,48.8844,3.32,10.75,Medium,Water,Loam,Monsoon,1
20.06,51.71,987.74,3.65,4.65,1611.22,5.52,1111.12,2.58,134.96,7,35.4715,-120.7134,4.34,31.85,Medium,Agricultural,Clay,Spring,1
16.75,33.11,1006.23,1.74,15.79,1455.13,1.5,14128.95,5.14,365.57,5,37.4164,94.5862,7.16,39.59,Good,Agricultural,Sand,Spring,0
26.07,89.61,1019.86,10.3,2.71,50.32,6.24,1156.89,5.08,60.08,1,-19.9869,-40.6425,6.69,42.36,Poor,Water,Sand,Summer,0
45.72,42.34,1033.82,6.9,12.52,1117.44,0.59,564.59,3.02,290.57,9,28.3451,74.2144,5.98,12.39,Good,Forest,Loam,Spring,0
27.54,38.1,1035.92,3.75,3.23,1354.32,0.77,12620.34,3.29,30.99,1,-14.6443,-173.6531,5.15,36.09,Poor,Urban,Loam,Summer,0
29.48,98.85,1041.58,3.8,0.91,1474.55,0.65,14419.45,7.91,463.94,7,24.6989,-119.167,2.55,37.16,Medium,Forest,Sand,Summer,0
20.0,51.19,1007.4,12.57,5.36,376.03,0.24,9946.9,5.57,189.41,3,26.5059,151.8988,6.82,43.73,Poor,Water,Clay,Monsoon,1
20.6,30.81,1025.22,5.35,0.33,580.19,2.06,4491.08,2.34,86.19,4,-29.3828,-84.9623,4.13,39.62,Poor,Agricultural,Sand,Summer,0
26.66,37.58,963.82,7.71,8.56,755.3,0.87,5148.28,7.42,33.89,0,-47.5132,-31.8806,2.12,40.22,Medium,Agricultural,Clay,Monsoon,1
25.89,73.84,1023.8,5.69,2.09,425.35,1.85,14322.97,3.2,442.75,2,33.5952,35.9403,5.52,29.0,Poor,Urban,Loam,Spring,0
31.62,68.67,1012.42,8.68,1.92,1917.39,1.9,174.21,4.67,188.29,6,8.5254,-22.5884,0.82,32.83,Medium,Urban,Clay,Monsoon,1
13.7,66.31,999.08,9.74,2.72,1753.42,1.48,633.77,2.17,230.82,7,5.256,53.8711,7.44,39.81,Medium,Urban,Clay,Winter,1
26.49,98.54,964.78,11.71,4.97,1048.8,2.41,9993.84,7.27,275.5,8,-50.3893,122.9743,5.86,24.06,Good,Forest,Clay,Spring,0
29.29,36.55,1018.2,8.06,5.95,552.76,1.69,10757.2,6.78,231.72,4,-19.7584,-27.555,6.33,36.72,Medium,Urban,Sand,Monsoon,0
22.62,80.26,1017.54,1.57,13.89,628.08,3.17,7869.11,1.18,295.47,3,35.3968,-162.9189,3.01,23.72,Poor,Agricultural,Loam,Summer,0
18.54,38.2,1033.26,2.98,2.45,104.41,1.3,11126.11,4.35,45.23,5,57.3855,119.6381,3.99,38.71,Medium,Urban,Rock,Monsoon,0
19.27,73.53,975.54,22.83,1.11,168.81,1.04,3757.29,4.82,352.62,7,59.1387,-158.9787,5.73,29.06,Poor,Forest,Sand,Summer,0
25.25,94.96,989.18,4.98,0.22,1412.33,0.69,3751.92,2.93,364.67,8,24.8263,-164.716,5.98,13.27,Poor,Urban,Clay,Spring,0
17.66,81.88,1021.49,2.88,1.66,1657.62,4.63,12388.87,1.61,499.64,5,-14.6316,30.9236,5.08,6.48,Poor,Agricultural,Clay,Spring,0
43.43,58.26,1023.78,3.41,8.29,136.57,0.66,682.82,0.6,183.16,2,-30.3871,125.6056,2.47,12.67,Good,Agricultural,Clay,Winter,0
22.0,32.89,1043.92,11.45,2.94,1748.09,2.68,5457.47,5.93,252.65,6,-59.3531,-91.1535,3.36,10.02,Poor,Urban,Loam,Spring,0
14.98,97.68,1006.54,9.26,8.4,992.28,2.57,14549.71,3.11,257.09,6,27.79,-130.2373,7.94,10.49,Good,Forest,Loam,Winter,0
34.28,62.23,1034.24,5.71,1.03,767.83,9.37,4120.94,6.22,39.08,9,-47.228,68.6317,7.19,8.91,Good,Agricultural,Loam,Winter,0
26.29,42.56,1007.92,2.7,2.51,629.13,0.78,2621.97,2.7,19.63,1,53.2736,-118.854,6.49,11.13,Good,Agricultural,Loam,Winter,0
22.61,48.93,1007.18,5.91,10.44,179.07,4.94,13889.87,5.95,451.14,2,-0.2608,146.4518,0.74,10.95,Good,Agricultural,Clay,Summer,0
27.15,94.02,1006.38,4.37,6.12,296.41,2.35,419.69,1.63,357.84,9,41.632,38.1295,4.73,29.56,Poor,Forest,Clay,Summer,0
20.72,44.09,1026.82,31.72,14.93,1986.93,1.68,1785.85,7.1,81.11,5,-46.0641,100.1814,1.55,29.4,Poor,Urban,Sand,Summer,0
26.05,58.62,1019.13,13.46,11.52,360.28,0.44,6189.94,1.77,186.59,7,-23.375,100.7075,6.5,13.59,Medium,Agricultural,Rock,Winter,0
20.12,81.66,1009.5,38.15,0.35,12.34,3.56,1623.66,1.11,456.06,7,21.03,116.1818,3.04,25.91,Medium,Forest,Loam,Monsoon,0
30.01,89.53,993.11,5.26,19.53,432.14,1.08,5739.99,7.48,149.84,7,-31.0156,37.1269,4.74,25.1,Medium,Agricultural,Clay,Spring,1
25.54,79.53,1035.84,0.21,4.69,1923.82,2.16,13841.91,4.75,423.26,9,7.2391,-105.0534,2.71,23.51,Medium,Urban,Loam,Summer,0
29.4,59.79,988.79,0.16,0.14,942.27,0.4,8817.13,3.56,330.67,3,32.6848,141.1527,2.0,27.74,Medium,Agricultural,Rock,Monsoon,0
29.41,76.96,1010.7,3.71,2.59,1235.51,0.53,11333.32,2.19,299.98,1,-9.892,128.7143,4.6,9.38,Poor,Agricultural,Clay,Spring,0
18.15,75.79,1030.7,12.01,2.12,949.84,1.03,14215.5,2.9,99.83,9,55.9968,-32.6161,5.95,6.06,Medium,Urban,Clay,Winter,0
25.13,89.2,1019.4,39.1,1.65,1601.76,0.04,10228.34,6.09,243.91,6,2.9624,-176.3374,7.99,34.83,Medium,Urban,Loam,Monsoon,0
19.49,79.97,1045.39,11.25,0.05,570.68,0.42,2588.1,5.96,127.38,1,3.7316,-178.0532,0.64,35.47,Poor,Urban,Loam,Summer,0
25.23,31.37,979.05,5.52,5.67,1035.51,1.82,4966.61,1.87,406.77,2,4.8751,93.7913,6.73,42.89,Medium,Urban,Sand,Spring,0
30.07,49.9,987.71,10.59,1.18,1570.54,0.23,13437.74,6.8,342.62,7,57.5344,-19.3753,0.71,5.11,Medium,Urban,Clay,Winter,0
-1.29,73.46,991.73,0.08,4.21,1258.97,0.7,10930.1,3.33,361.71,4,13.4487,-37.0271,5.45,42.64,Poor,Water,Loam,Monsoon,0
28.85,49.82,1028.53,9.15,2.81,13.18,3.3,1930.17,4.32,174.75,4,-6.9106,-114.3615,3.82,44.87,Medium,Urban,Clay,Spring,0
10.23,42.99,978.31,15.33,0.69,1830.63,1.77,511.48,7.72,160.89,9,24.3576,93.4254,5.85,5.19,Good,Agricultural,Rock,Monsoon,0
29.26,42.17,1020.39,0.29,0.9,1790.58,0.7,3582.19,0.61,155.56,1,27.0609,122.9874,7.89,10.57,Poor,Urban,Clay,Summer,0
21.71,84.64,986.56,9.46,3.61,1183.86,0.2,7217.19,7.94,53.34,1,-57.1658,-88.0176,2.75,8.3,Medium,Water,Sand,Monsoon,0
25.59,37.96,1033.29,3.15,3.05,1502.34,2.49,9676.35,7.1,403.3,0,-6.1136,42.3016,1.57,2.59,Medium,Urban,Loam,Summer,0
22.78,41.34,1012.68,1.08,0.23,1428.03,0.43,12595.43,2.48,25.84,5,-16.2905,-163.4255,3.73,26.98,Medium,Forest,Clay,Monsoon,1
21.07,97.05,1026.82,5.39,0.76,1183.43,11.38,13499.44,2.59,292.72,2,-50.8588,140.2957,1.33,14.7,Poor,Agricultural,Sand,Summer,0
31.69,50.04,1022.54,2.77,5.72,390.31,2.04,1506.98,5.15,261.57,6,-54.8971,120.6986,2.81,4.86,Medium,Forest,Sand,Spring,0
29.73,99.08,1003.5,21.99,3.76,1256.26,5.92,8126.36,5.29,318.32,8,34.3663,111.2757,5.12,30.18,Medium,Agricultural,Clay,Winter,1
35.24,74.59,1004.86,3.69,1.28,1915.43,0.18,164.59,5.55,311.09,1,66.6077,-43.1608,4.85,33.16,Poor,Water,Loam,Winter,0
18.01,88.49,1005.46,21.23,3.48,373.21,0.27,8863.65,4.3,350.45,5,43.9925,-84.5859,2.86,5.04,Poor,Forest,Loam,Winter,0
20.21,72.66,994.95,16.68,1.33,819.83,1.05,11616.76,2.31,484.69,8,18.2641,49.6214,1.27,42.9,Good,Urban,Clay,Monsoon,1
19.22,61.81,1012.26,3.39,1.6,444.76,0.81,5361.68,2.82,489.59,0,-0.8709,159.5384,1.06,12.21,Poor,Water,Loam,Monsoon,0
20.52,99.13,1008.66,8.68,3.34,1571.02,7.54,14331.44,6.45,194.82,7,13.2331,-74.0231,0.8,19.72,Medium,Forest,Sand,Winter,1
30.5,88.38,1001.17,1.18,18.2,1386.71,0.64,6894.96,2.73,83.51,1,-12.7412,-54.7554,4.64,37.17,Medium,Agricultural,Loam,Summer,0
37.1,41.53,997.53,2.97,2.78,1778.83,1.7,14484.4,1.27,235.49,1,69.6282,-99.4161,1.25,14.79,Medium,Urban,Rock,Summer,0
37.76,70.54,1046.97,8.52,1.87,868.82,1.8,10101.92,2.4,353.72,2,-5.6681,-33.9442,4.85,14.9,Poor,Urban,Loam,Spring,0
25.17,81.11,993.29,11.99,7.15,914.91,0.39,7026.6,5.36,308.21,0,-55.8582,-81.5601,6.67,5.88,Good,Urban,Sand,Summer,0
39.92,58.31,986.77,8.02,0.32,748.06,3.86,10396.91,7.86,396.08,4,27.7514,-139.1879,0.82,23.55,Good,Urban,Clay,Spring,1
5.42,96.54,1011.04,4.64,0.91,548.09,0.55,7531.25,2.69,262.87,2,60.0171,129.8394,6.89,44.8,Good,Water,Loam,Spring,0
24.11,86.62,1001.63,6.74,2.28,218.47,0.11,6047.77,1.25,60.74,9,63.006,-65.6652,2.94,12.22,Poor,Urban,Loam,Monsoon,0
28.87,68.54,1022.25,1.95,0.8,1147.97,0.91,8414.92,4.24,305.08,4,44.0665,153.3455,2.94,39.64,Medium,Urban,Loam,Spring,0
20.72,51.83,1024.95,5.78,1.59,922.64,0.02,3261.6,6.74,212.61,5,46.3367,26.9472,1.86,40.01,Medium,Agricultural,Sand,Monsoon,0
29.0,53.1,1029.75,17.76,3.34,349.28,0.16,10524.13,6.99,405.65,2,-32.772,-146.4011,5.1,34.16,Medium,Urban,Loam,Summer,0
27.88,85.48,1013.64,9.93,2.26,54.14,0.25,10989.92,3.27,173.87,6,44.8987,-27.5445,4.25,21.63,Good,Urban,Loam,Monsoon,0
29.11,60.33,985.8,4.83,0.56,268.47,3.63,11271.33,3.37,415.96,7,-21.0884,-111.7867,6.61,29.6,Poor,Forest,Clay,Monsoon,1
13.85,55.92,998.52,0.56,6.44,233.39,0.03,14199.71,1.95,415.75,1,-46.8541,125.8894,4.98,39.72,Medium,Forest,Sand,Summer,0
27.86,35.83,986.17,2.46,7.21,605.2,8.5,7562.17,4.37,27.79,7,23.629,58.3519,3.17,18.7,Poor,Forest,Loam,Summer,0
16.76,38.81,999.62,4.74,3.89,145.5,1.85,14896.06,7.73,416.3,1,12.0444,158.3337,0.27,31.02,Good,Forest,Clay,Summer,0
23.89,84.93,1022.23,11.5,0.41,1115.95,0.41,10284.88,5.08,486.79,1,39.9875,66.8315,0.07,3.6,Good,Urban,Loam,Summer,0
28.49,80.03,1013.65,0.84,4.44,34.25,1.63,5318.0,5.32,275.37,4,-35.002,-148.6776,4.97,40.21,Medium,Urban,Clay,Spring,1
14.23,74.02,1004.19,2.8,3.41,965.15,1.21,11961.68,2.12,453.11,7,-23.6604,-60.251,2.66,8.13,Medium,Urban,Rock,Spring,0
22.57,88.64,1003.23,9.55,1.29,1743.52,3.23,11329.37,6.86,313.63,2,-4.4553,-89.9712,1.77,28.46,Medium,Urban,Loam,Summer,0
23.79,54.33,1020.65,20.45,0.69,216.14,0.66,8915.38,3.38,308.19,0,-8.5866,23.1046,5.96,40.74,Good,Water,Rock,Monsoon,0
28.9,49.59,1026.48,10.21,1.9,901.3,0.96,13713.24,2.26,293.03,3,-44.2201,-138.368,5.42,6.46,Poor,Urban,Loam,Winter,0
20.75,30.11,1045.67,13.27,10.56,670.57,2.53,1024.51,5.82,43.47,3,-29.4405,58.1051,7.32,17.63,Medium,Urban,Sand,Summer,0
32.58,60.85,1039.32,5.07,2.27,566.94,0.18,4096.25,2.91,278.37,0,-5.9489,-52.5759,5.13,38.0,Medium,Forest,Loam,Summer,0
27.13,41.76,1021.22,21.79,4.45,1358.57,0.7,6679.01,6.55,172.03,8,-24.2662,139.6706,0.11,41.03,Poor,Forest,Loam,Monsoon,0
29.21,49.3,1051.44,10.39,1.14,1387.98,0.01,8276.71,3.51,158.52,0,-45.6663,159.4709,1.37,8.18,Medium,Agricultural,Sand,Summer,1
20.94,48.41,993.05,18.23,1.08,1064.25,1.69,6432.68,2.31,480.54,6,-5.4521,41.0248,0.43,6.87,Poor,Agricultural,Loam,Summer,0
15.03,37.61,1014.44,3.42,6.18,1176.58,1.31,8615.66,4.69,160.45,8,30.7072,-12.961,7.17,27.0,Medium,Forest,Clay,Winter,1
32.76,79.01,1033.96,24.74,2.15,1122.27,1.93,14694.28,2.84,478.6,7,15.9167,-131.4542,2.1,27.75,Medium,Urban,Clay,Winter,1
10.76,68.87,1028.91,2.68,2.94,1734.67,0.94,5360.16,3.85,59.24,9,-46.5348,-136.2337,4.7,43.29,Medium,Agricultural,Clay,Winter,1
23.11,43.15,1000.67,7.49,5.81,981.84,2.16,5537.32,0.71,487.29,6,-12.767,115.8191,6.98,34.25,Good,Urban,Clay,Summer,1
8.44,57.56,1011.85,6.01,6.73,1182.6,6.5,5058.19,4.56,408.53,7,-34.1004,-32.3261,4.87,24.58,Medium,Agricultural,Loam,Summer,0
23.62,53.89,1008.37,2.6,4.91,79.1,0.39,4470.87,5.63,439.17,0,-21.51,-91.1831,2.16,7.78,Medium,Agricultural,Loam,Monsoon,0
18.11,54.82,1004.54,10.94,6.62,938.36,2.07,3237.06,6.95,434.31,8,1.4159,148.0112,4.38,27.3,Medium,Agricultural,Sand,Spring,0
17.21,96.68,999.43,5.27,10.46,1636.16,3.35,3314.04,3.85,165.8,0,-19.2424,10.4073,7.01,11.25,Poor,Agricultural,Loam,Monsoon,0
8.69,88.59,1025.62,19.58,0.25,797.24,0.05,12608.21,1.83,340.19,0,36.645,-86.8624,2.34,1.45,Poor,Agricultural,Loam,Spring,0
23.84,95.7,1024.22,3.2,1.23,428.22,0.18,13456.84,7.85,477.71,6,-5.7588,-86.2352,0.96,37.6,Medium,Water,Sand,Winter,0
24.49,58.84,1016.18,4.44,1.56,1386.45,1.78,4654.81,1.49,165.51,3,-53.6661,-12.9481,3.05,16.08,Good,Urban,Clay,Summer,1
30.08,83.26,1014.74,11.62,2.69,574.72,1.55,13293.11,7.08,228.3,9,-50.1511,37.6828,3.19,5.85,Poor,Urban,Loam,Monsoon,0
41.34,74.89,1006.05,1.56,5.02,809.73,1.25,12041.31,2.99,82.03,0,-35.3028,-60.0134,0.81,41.95,Medium,Urban,Loam,Winter,0
10.33,61.74,1008.56,14.22,2.73,393.99,0.89,11170.42,3.68,132.27,3,-52.6984,-9.0119,1.08,13.5,Poor,Urban,Sand,Summer,0
21.14,85.38,1019.2,0.27,2.93,1174.86,6.29,8651.45,1.69,263.6,3,5.1075,-125.9857,3.83,8.87,Medium,Forest,Clay,Winter,0
22.91,74.26,1010.88,4.68,11.91,69.76,0.08,14244.56,7.74,23.59,5,8.4517,-105.6526,7.73,37.95,Poor,Water,Rock,Summer,0
29.39,89.01,1045.24,0.81,11.34,784.04,1.31,6726.53,4.48,303.1,1,20.1678,-83.8973,5.39,29.08,Poor,Agricultural,Clay,Spring,1
21.06,75.74,1035.05,8.15,0.33,1243.5,3.36,14887.48,0.72,333.43,1,-10.7863,-85.9078,4.91,5.51,Medium,Forest,Sand,Monsoon,0
32.87,45.68,1020.53,7.09,5.23,1129.25,0.91,9668.78,0.71,191.25,6,25.0531,93.3148,0.16,22.84,Poor,Water,Loam,Summer,0
32.89,66.44,1016.77,10.83,2.21,776.3,0.67,10614.0,3.19,103.45,4,49.1871,176.5491,7.52,44.11,Poor,Agricultural,Sand,Monsoon,0
31.31,82.3,1001.75,6.96,5.59,371.15,2.2,218.84,6.75,262.98,0,-38.3322,123.1426,3.6,16.19,Medium,Forest,Clay,Spring,0
24.85,41.55,1034.02,1.23,11.5,1403.28,6.77,1326.99,7.27,424.36,7,11.7148,-1.6633,7.48,42.41,Medium,Agricultural,Sand,Winter,0
16.11,86.42,990.06,1.04,3.04,855.16,0.15,6220.88,4.35,41.9,1,-13.0182,146.1123,3.78,8.01,Good,Forest,Clay,Summer,0
40.41,88.47,1034.36,12.42,1.51,790.09,3.66,9537.4,1.75,169.51,1,13.2597,-126.909,1.38,31.1,Medium,Urban,Sand,Summer,0
20.48,86.84,1022.63,0.07,3.78,1033.58,1.96,3671.54,0.57,232.83,6,26.3342,96.6125,3.52,19.02,Medium,Water,Rock,Spring,1
39.84,49.45,982.34,3.0,5.67,1203.41,0.37,13279.06,5.6,187.66,8,-38.8861,6.662,5.56,16.12,Medium,Urban,Clay,Winter,1
40.63,52.2,1015.62,10.46,3.08,1140.87,1.79,12379.85,5.42,139.51,1,11.1266,64.3876,1.97,9.66,Poor,Urban,Loam,Winter,0
34.26,81.02,1008.23,8.67,1.93,395.99,1.08,4373.66,3.04,262.66,9,32.0945,-12.4087,5.76,16.47,Poor,Forest,Clay,Spring,1
17.4,78.96,988.62,7.72,9.78,352.94,0.62,14122.03,3.83,396.63,2,50.6559,-151.7921,3.77,6.67,Medium,Agricultural,Sand,Winter,1
22.39,40.8,1056.27,13.6,2.65,1063.16,6.84,7344.83,6.68,387.09,2,56.3957,-50.5736,2.59,18.58,Poor,Urban,Clay,Monsoon,1
20.62,71.86,1025.67,1.34,19.19,909.15,3.45,11552.85,5.85,415.41,7,12.6659,-89.7851,2.41,13.46,Good,Forest,Clay,Summer,0
33.4,99.19,958.36,7.0,14.76,1830.46,5.67,12204.36,2.72,179.73,2,-45.8704,100.1984,7.83,16.23,Medium,Agricultural,Rock,Monsoon,0
34.95,41.18,1044.62,6.1,0.04,1252.53,1.71,4840.24,4.43,251.6,9,38.2452,-10.8784,2.35,34.31,Medium,Forest,Loam,Summer,0
40.31,76.96,1058.35,4.17,6.44,640.85,1.01,10153.08,3.34,107.99,6,45.4496,175.1948,7.38,28.2,Medium,Water,Sand,Monsoon,1
29.36,58.08,1022.55,10.19,9.77,1767.22,0.23,12429.57,2.56,366.38,7,50.4952,-90.2748,7.27,18.5,Medium,Urban,Clay,Summer,1
37.71,59.94,987.74,0.48,3.5,131.83,4.3,11320.25,3.34,323.71,5,29.2842,158.6478,3.83,6.53,Medium,Urban,Clay,Winter,0
25.72,34.37,1028.99,5.17,5.36,769.77,15.61,6140.14,4.6,120.44,7,13.172,29.9475,0.99,11.33,Medium,Urban,Loam,Winter,0
28.62,74.98,1017.78,11.22,6.39,521.0,1.75,12648.41,2.72,449.61,5,-33.0303,5.7176,6.32,4.77,Medium,Water,Loam,Summer,0
16.03,64.61,994.38,24.44,6.16,1354.97,2.59,9928.65,6.2,104.45,6,32.879,23.9304,2.9,38.29,Poor,Urban,Loam,Spring,0
28.26,73.97,988.82,13.94,2.88,1265.35,1.33,14215.34,4.41,112.7,7,46.1152,66.8936,3.95,30.35,Medium,Agricultural,Rock,Summer,0
20.77,95.03,1024.74,0.23,12.71,1178.37,2.98,6037.54,7.94,121.5,4,-55.4987,-169.0428,6.48,35.29,Good,Forest,Rock,Summer,0
4.24,66.2,991.11,16.5,5.33,370.55,2.65,8919.25,4.84,342.35,7,-30.6503,-1.062,5.12,32.57,Medium,Urban,Loam,Summer,1
15.18,79.31,1009.95,8.48,1.57,1900.95,0.69,8369.45,6.51,261.81,7,5.5201,-175.9498,5.91,33.41,Poor,Urban,Loam,Winter,0
13.96,90.22,1004.7,13.84,2.18,1363.76,0.41,5796.23,3.33,126.59,6,-28.5713,-38.426,2.51,12.53,Poor,Agricultural,Loam,Monsoon,0
19.43,59.67,980.58,10.97,13.16,141.17,6.13,13662.0,1.38,99.96,5,-25.272,-153.2463,3.66,22.85,Medium,Forest,Clay,Spring,0
14.61,38.25,980.64,2.56,1.52,135.27,0.79,1176.1,5.78,199.16,0,-3.1153,-58.9253,3.21,0.79,Good,Urban,Loam,Monsoon,0
20.09,55.13,1004.32,5.12,1.97,1952.96,4.25,13107.33,3.49,481.81,0,-21.4534,-118.5383,7.88,6.38,Medium,Agricultural,Sand,Winter,0
36.76,37.1,1009.46,14.86,1.39,561.63,1.83,13538.82,4.84,327.99,7,-48.4472,36.8403,3.15,43.48,Poor,Urban,Loam,Summer,0
26.04,92.16,1016.1,9.58,3.36,918.4,2.69,7867.37,1.29,79.55,7,25.3321,-175.5251,0.54,10.77,Medium,Agricultural,Clay,Spring,1
42.26,61.98,1016.47,4.93,3.03,1563.06,0.07,11778.9,5.5,128.3,0,57.9727,-137.8006,6.78,37.2,Poor,Urban,Rock,Summer,1
16.03,86.67,986.08,13.3,5.85,43.73,4.83,3311.77,5.22,40.29,6,26.2246,-70.0662,6.59,41.71,Medium,Urban,Rock,Winter,0
21.49,35.22,1040.34,12.27,2.59,1860.64,0.73,12665.66,5.6,428.13,6,36.0578,-124.3473,3.1,38.55,Medium,Agricultural,Clay,Summer,1
37.14,41.08,1009.4,1.32,1.57,1904.55,2.76,389.89,3.51,136.13,5,-37.6317,16.4162,4.81,30.0,Medium,Urban,Clay,Winter,1
32.86,39.4,1035.8,1.64,1.45,798.2,5.6,10141.0,2.41,37.43,8,28.1503,96.3247,3.49,19.32,Medium,Urban,Loam,Summer,0
19.09,97.99,1017.75,10.01,21.31,677.79,7.1,2268.88,0.81,26.16,3,39.7805,-0.0646,7.65,36.0,Good,Forest,Loam,Winter,1
33.96,65.48,983.82,6.19,23.15,1008.8,0.07,9434.37,5.96,443.74,5,30.1481,-158.1851,4.49,2.87,Good,Urban,Clay,Summer,1
22.12,88.54,993.38,6.3,1.94,1122.41,0.6,6077.28,2.99,404.03,1,47.9693,-168.5605,7.07,43.96,Medium,Forest,Rock,Winter,0
26.15,80.04,1035.26,33.43,4.32,1679.96,5.7,8601.01,1.69,86.23,9,38.0334,-95.0965,0.93,2.26,Poor,Urban,Sand,Spring,1
29.6,35.76,993.03,8.1,0.79,391.38,1.0,1602.3,1.8,180.99,4,-48.4727,106.9435,7.28,20.82,Medium,Forest,Loam,Monsoon,0
25.93,33.48,1014.84,18.91,0.38,1492.39,0.37,5465.65,1.88,227.3,4,-20.9532,91.3714,3.35,32.37,Poor,Forest,Clay,Summer,1
21.78,86.59,1021.9,15.8,3.45,467.69,0.51,7027.38,0.57,270.36,8,27.5165,-25.6758,1.87,8.53,Medium,Urban,Sand,Summer,0
29.23,56.44,986.96,4.25,1.82,1347.67,1.65,12790.65,2.31,29.66,8,20.9993,-36.488,1.4,5.16,Poor,Urban,Loam,Monsoon,0
28.98,92.13,989.74,10.39,8.38,1043.06,2.53,13453.78,6.3,455.83,9,22.2495,-17.3199,2.04,0.51,Poor,Forest,Clay,Monsoon,0
22.43,46.29,989.05,10.59,1.75,1644.03,0.03,6110.93,5.13,21.08,0,3.0779,-63.4408,6.11,3.15,Good,Agricultural,Loam,Spring,0
35.33,65.5,1016.18,7.77,0.27,1337.05,0.64,393.44,1.0,479.07,6,62.6247,137.4211,6.94,43.19,Good,Urban,Clay,Monsoon,1
27.34,69.4,999.78,19.88,4.7,1147.89,1.16,6995.53,7.66,77.84,1,-23.182,-76.5513,5.25,19.49,Poor,Urban,Loam,Monsoon,0
18.19,93.28,1008.01,5.25,19.66,695.08,3.62,3920.14,1.07,25.55,1,46.4241,-90.6811,2.49,19.96,Medium,Agricultural,Sand,Winter,0
15.79,94.14,1005.97,22.71,20.74,804.89,3.41,6282.81,3.91,416.7,7,-12.7627,179.7825,0.09,3.47,Poor,Urban,Sand,Monsoon,0
24.53,50.53,1015.37,1.51,5.97,642.74,3.25,14579.19,0.83,496.63,5,-59.076,-84.3893,7.49,29.7,Good,Agricultural,Rock,Spring,0
13.69,47.64,990.56,5.86,5.14,622.51,0.17,10657.13,3.94,282.68,0,60.026,3.8071,7.12,25.14,Poor,Urban,Sand,Monsoon,0
30.38,84.5,989.69,11.29,3.29,1983.36,1.04,1688.2,6.66,113.98,4,-39.2262,-44.2841,1.43,0.76,Poor,Urban,Loam,Winter,0
22.83,90.73,1036.24,7.46,3.18,1437.07,0.48,11863.51,3.72,72.37,0,68.8219,-51.4894,1.32,40.08,Poor,Urban,Loam,Spring,0
30.68,68.78,1018.99,11.73,4.83,1662.39,3.61,8887.92,5.24,461.72,6,-46.4265,128.8593,5.31,0.35,Poor,Urban,Clay,Monsoon,0
17.57,83.52,999.62,27.4,0.27,266.36,2.06,12086.18,6.43,362.64,2,36.3294,161.8018,6.39,3.29,Medium,Agricultural,Sand,Summer,0
32.75,98.21,1012.62,17.14,24.59,696.74,4.52,5016.01,1.39,314.47,2,69.8415,61.5536,2.61,9.65,Medium,Urban,Loam,Monsoon,0
10.82,54.39,1002.49,7.33,13.8,1470.32,1.72,2525.87,1.62,256.08,7,-35.5255,-6.3806,4.22,14.69,Medium,Forest,Sand,Monsoon,0
33.62,30.8,1031.02,3.15,0.48,1996.46,1.8,7039.5,3.97,482.74,8,40.6456,-27.594,1.35,20.17,Medium,Water,Rock,Winter,0
22.34,88.25,982.5,13.35,9.47,1841.53,3.04,4000.37,2.64,182.72,2,-19.9348,44.7054,1.19,3.44,Medium,Urban,Sand,Spring,1
7.74,68.0,1017.79,29.28,0.77,3.92,0.16,6994.35,5.8,294.57,1,56.0227,114.9424,0.33,22.52,Poor,Water,Sand,Spring,1
48.25,35.59,994.32,25.54,6.33,1602.56,1.75,9986.81,3.41,342.86,8,-48.0116,159.44,2.02,41.02,Medium,Water,Sand,Winter,1
38.8,84.8,1012.52,1.72,2.71,838.14,0.22,6701.38,6.55,157.09,9,16.8978,87.637,7.69,1.43,Medium,Agricultural,Loam,Spring,0
23.66,30.84,1015.33,16.85,6.23,824.41,5.64,11522.31,7.76,465.36,6,44.3804,-1.7651,7.14,18.66,Medium,Agricultural,Clay,Monsoon,1
34.0,43.01,1012.77,9.27,10.21,863.07,1.33,1322.07,0.82,239.67,4,26.4433,-26.9731,5.1,37.55,Poor,Water,Clay,Spring,1
13.06,31.43,1033.64,2.13,4.39,302.63,4.31,2903.36,4.42,260.89,1,-2.2408,72.0553,2.62,39.31,Medium,Urban,Loam,Monsoon,0
23.13,99.06,1003.48,0.22,5.59,1217.03,2.08,3352.46,2.2,221.01,5,-47.7507,23.0575,0.6,17.7,Medium,Urban,Loam,Summer,0
31.79,49.16,1023.09,2.06,0.39,1055.8,3.56,3836.77,3.95,88.79,5,-19.5897,27.2271,2.02,11.02,Poor,Urban,Clay,Monsoon,0
3.66,55.78,1025.67,15.37,0.37,1919.54,1.08,4774.14,7.81,468.58,8,-9.5236,-122.8528,5.99,15.1,Medium,Agricultural,Clay,Winter,1
26.51,89.45,1001.64,30.6,7.29,399.3,7.6,13799.59,1.72,283.81,7,-52.2491,45.7952,3.54,44.29,Poor,Forest,Loam,Spring,0
13.48,59.77,1020.53,14.87,8.59,489.21,2.17,1515.54,0.67,278.85,1,4.7367,106.6597,0.63,32.84,Medium,Agricultural,Sand,Summer,0
29.32,66.6,1002.73,2.57,4.91,1890.07,0.17,1729.24,6.83,63.7,8,6.9324,46.3123,0.72,23.33,Poor,Urban,Sand,Summer,0
20.0,43.34,1018.81,7.12,6.16,1717.14,2.72,328.76,5.63,414.08,6,46.4255,-59.4649,7.72,0.19,Medium,Agricultural,Sand,Winter,0
22.74,81.32,994.85,15.68,15.47,1579.15,3.72,14245.7,4.65,178.28,0,42.093,162.2417,1.31,3.07,Medium,Urban,Sand,Summer,0
16.09,56.63,1021.77,20.3,6.54,111.18,1.44,1460.3,7.68,129.87,6,34.2599,65.8777,1.25,32.43,Poor,Urban,Loam,Spring,0
5.57,51.02,1009.8,29.48,3.55,1122.5,5.96,9842.77,7.68,62.12,3,51.2328,-82.2644,2.68,36.47,Medium,Agricultural,Clay,Winter,1
23.14,70.29,1021.61,1.25,1.57,807.91,1.34,101.01,7.16,13.76,7,29.29,-15.4393,1.87,20.75,Poor,Urban,Sand,Summer,1
39.88,33.41,1003.23,13.9,15.52,18.68,0.43,8197.97,2.14,384.67,5,6.119,-89.3049,4.68,12.42,Good,Agricultural,Sand,Winter,0
19.7,68.06,1007.39,19.69,10.08,1209.13,1.0,9789.41,6.22,211.7,4,-55.2694,100.3237,4.34,18.72,Medium,Forest,Loam,Monsoon,1
22.87,37.24,979.5,8.46,0.64,401.02,4.49,14997.2,4.63,313.63,8,-52.2563,74.1047,6.22,24.82,Medium,Urban,Rock,Monsoon,0
37.45,82.65,1016.04,10.7,30.47,919.59,2.45,11986.89,3.32,234.02,4,54.7781,-133.4715,4.38,42.91,Poor,Agricultural,Clay,Spring,1
18.18,66.36,974.1,48.65,2.43,485.51,1.71,3305.75,7.55,137.03,3,3.148,-59.4919,4.46,13.45,Poor,Agricultural,Loam,Winter,0
33.3,33.97,1035.63,1.16,8.37,465.9,0.88,2264.93,1.96,389.95,3,-47.6953,96.8399,1.49,43.4,Poor,Urban,Loam,Winter,0
19.76,34.66,1055.51,12.77,7.2,1764.68,1.56,10129.76,3.79,166.27,7,-27.695,38.2287,7.29,7.39,Poor,Agricultural,Clay,Winter,0
18.37,52.58,986.95,6.9,3.74,793.51,0.81,7615.7,0.75,326.15,7,-3.1471,-106.4651,5.01,5.93,Good,Urban,Sand,Monsoon,0
26.85,51.81,1016.21,24.28,2.58,1268.2,1.1,6471.96,4.6,184.4,8,66.7109,-55.8299,3.52,8.49,Good,Water,Sand,Summer,0
25.98,37.75,981.83,4.88,0.41,566.88,2.19,14870.48,2.41,241.93,3,-3.7352,30.3027,3.09,43.27,Good,Water,Clay,Winter,1
11.28,58.08,1039.04,1.73,4.25,1093.43,0.42,8171.78,7.8,360.06,0,-42.4438,17.1035,7.33,25.89,Poor,Agricultural,Rock,Summer,0
11.71,85.59,1000.85,9.62,0.33,1677.61,0.41,14689.35,3.32,312.06,9,-32.8595,26.0181,2.5,29.42,Medium,Agricultural,Sand,Spring,0
27.5,77.6,1005.34,14.72,2.54,1670.01,1.36,1511.02,2.18,358.42,1,39.4581,174.847,2.2,42.87,Medium,Agricultural,Loam,Monsoon,1
29.16,59.67,1007.71,32.35,1.2,1994.85,2.39,11668.26,3.48,454.43,0,40.6673,-1.695,2.2,13.58,Medium,Agricultural,Loam,Spring,0
26.98,79.34,1017.78,6.29,2.59,790.45,0.14,14238.17,3.88,465.76,6,54.9469,-80.164,1.87,29.1,Good,Agricultural,Clay,Summer,1
17.63,98.79,1033.05,11.54,2.33,194.05,0.4,7365.36,4.21,386.18,9,53.0855,-92.5275,6.49,42.19,Medium,Urban,Loam,Winter,0
26.16,45.29,1020.29,4.64,0.55,1194.14,0.37,10427.04,6.03,244.87,8,-22.3357,175.4261,6.97,29.43,Good,Forest,Loam,Summer,0
25.69,64.72,986.02,2.39,5.59,235.58,0.13,5835.08,3.57,166.67,8,-14.9489,94.6818,5.13,14.73,Medium,Urban,Clay,Winter,0
16.3,40.81,981.44,2.69,2.76,568.78,2.42,8113.96,6.67,365.02,9,-14.9207,46.4885,0.74,27.9,Poor,Water,Clay,Monsoon,1
21.34,41.78,1000.43,11.21,2.73,1075.58,0.1,12932.61,1.78,186.47,1,-45.6124,138.6322,5.9,33.23,Poor,Urban,Loam,Spring,0
13.62,50.44,1003.13,5.58,2.12,763.15,2.66,2608.86,5.21,342.3,4,-42.0261,41.3176,6.78,7.14,Medium,Urban,Sand,Winter,0
20.04,33.55,1017.53,4.92,0.14,1808.29,0.04,541.23,1.74,317.24,2,54.6906,41.5539,2.71,5.12,Medium,Urban,Sand,Summer,0
23.75,88.65,1062.03,23.04,3.17,479.5,5.81,11052.08,5.3,375.25,4,-5.3128,-123.3345,1.22,6.64,Good,Forest,Sand,Spring,0
27.66,86.19,1002.52,7.85,0.81,1573.73,0.74,3417.53,4.03,462.1,6,26.1905,177.497,1.59,41.47,Medium,Agricultural,Loam,Spring,0
17.64,83.11,1024.54,15.85,1.35,173.44,1.39,13364.26,6.85,67.37,6,65.2262,173.8761,6.21,14.05,Medium,Urban,Clay,Monsoon,0
25.11,91.93,996.94,0.43,1.19,1386.51,3.5,12130.25,6.39,73.6,0,-46.2212,119.9004,6.05,13.74,Medium,Agricultural,Clay,Monsoon,0
27.86,56.95,1013.35,31.44,4.77,1024.41,0.72,12396.62,6.72,214.3,1,69.662,-167.4944,0.81,27.7,Good,Urban,Sand,Summer,0
1.12,87.26,1018.07,0.5,0.45,43.38,2.33,7931.68,7.07,254.28,9,-58.5302,62.3824,0.66,5.55,Poor,Water,Sand,Summer,0
32.79,91.33,1001.91,0.11,5.32,1372.18,6.51,5618.95,1.96,265.08,2,55.7561,-11.2598,1.1,22.48,Poor,Urban,Rock,Monsoon,0
29.85,42.43,1006.72,7.66,6.25,792.78,0.08,3493.61,7.26,266.33,7,58.1874,-6.1603,4.45,42.46,Medium,Agricultural,Loam,Summer,0
20.7,78.05,992.46,2.83,2.9,1927.47,1.97,14240.95,5.92,365.09,9,-16.8545,-45.3714,1.23,22.41,Poor,Urban,Loam,Monsoon,0
27.79,97.38,1013.05,3.17,2.45,1505.42,3.0,13669.42,5.39,242.81,8,-26.9263,-32.7989,7.76,35.77,Good,Urban,Loam,Monsoon,0
21.62,31.49,1057.07,16.84,0.6,928.18,1.73,10612.04,3.58,370.42,9,55.6277,28.6439,5.23,37.19,Medium,Urban,Sand,Monsoon,0
25.51,85.25,1003.33,2.82,3.71,811.98,0.44,9259.59,7.95,188.99,7,59.5966,-153.5282,3.87,21.66,Good,Urban,Rock,Monsoon,0
32.61,79.76,981.63,0.1,0.17,1972.95,1.22,14043.68,5.97,192.75,3,-34.9936,65.3951,7.83,26.3,Poor,Agricultural,Clay,Spring,0
25.46,78.09,993.82,15.53,5.94,726.98,1.63,13922.19,3.41,133.68,5,41.2444,140.7009,2.38,11.78,Medium,Agricultural,Clay,Monsoon,0
16.75,81.39,1012.5,18.27,5.04,338.32,0.15,4593.9,0.78,421.22,9,-11.57,-33.5853,7.3,17.05,Medium,Agricultural,Sand,Spring,0
13.45,61.69,1010.14,3.25,4.63,1981.75,1.58,9738.75,7.39,193.26,3,43.0382,71.2752,4.26,35.98,Good,Urban,Clay,Winter,1
38.53,57.72,1014.69,1.39,5.69,1634.32,0.03,8482.03,4.02,137.2,7,24.1836,60.9883,3.38,31.53,Good,Urban,Sand,Monsoon,0
22.28,34.23,1012.27,1.27,2.1,235.31,1.11,2761.77,6.34,437.03,5,9.616,178.2264,4.09,42.91,Poor,Agricultural,Sand,Spring,0
24.2,96.79,1020.94,1.52,5.7,383.86,0.57,11712.13,3.33,13.49,4,1.3899,-76.7559,1.17,1.88,Good,Urban,Loam,Summer,0
30.97,59.18,1051.61,11.12,2.62,1096.2,1.78,4083.59,3.05,18.84,2,-0.0533,-41.0147,7.91,1.54,Medium,Urban,Loam,Spring,0
19.69,59.41,984.89,3.63,0.49,228.66,0.71,12344.95,1.51,373.89,2,-37.676,174.904,7.07,19.27,Poor,Forest,Loam,Summer,0
27.43,98.19,1019.34,6.11,0.51,1530.91,0.96,2936.14,4.12,463.6,9,-46.746,-167.0848,6.15,33.14,Medium,Urban,Loam,Summer,0
24.26,68.14,1040.17,18.47,2.82,166.25,1.48,8732.49,4.34,136.44,8,19.3351,-170.5195,5.9,6.94,Medium,Agricultural,Loam,Spring,0
19.79,43.09,1018.63,10.89,3.24,1472.6,0.66,9902.97,1.83,276.42,2,38.2814,57.3959,0.46,31.37,Medium,Forest,Rock,Monsoon,0
30.7,57.56,1016.11,1.07,1.97,830.4,0.64,7981.69,2.79,60.56,4,-18.704,28.1923,3.73,40.35,Poor,Agricultural,Clay,Spring,1
28.65,97.92,989.99,7.4,1.04,641.38,3.47,5339.75,5.93,390.9,4,-27.4052,-155.6789,0.56,44.5,Medium,Water,Loam,Summer,0
22.61,80.29,1012.05,1.05,3.66,1131.69,0.0,14700.19,2.77,47.84,8,29.1776,-152.0155,0.95,12.58,Medium,Water,Rock,Spring,0
31.17,44.2,1009.84,27.14,3.75,199.79,1.2,4961.29,2.62,275.32,9,55.7841,-39.4002,1.84,6.07,Poor,Urban,Sand,Winter,1
4.92,97.79,1001.17,1.99,4.94,404.39,1.59,8370.44,1.07,233.66,3,-11.676,-6.8833,0.51,14.62,Poor,Forest,Sand,Winter,0
40.62,39.65,1030.71,2.53,11.55,1398.33,0.42,8596.13,7.51,179.13,3,26.2559,-148.7896,4.95,17.34,Medium,Agricultural,Clay,Winter,1
21.2,59.93,1061.98,14.31,17.48,955.33,0.01,8984.38,5.4,415.73,6,-47.0661,-148.1326,7.6,31.43,Medium,Urban,Sand,Winter,0
36.22,55.13,1026.75,64.67,1.64,1180.01,0.66,1769.86,4.76,183.14,4,-43.9709,-21.5349,4.47,24.4,Good,Urban,Sand,Summer,0
19.17,90.56,1018.68,17.84,7.0,932.12,2.83,7233.26,6.02,441.25,7,-46.8105,-143.345,3.64,38.67,Medium,Agricultural,Clay,Summer,0
33.46,81.63,1019.08,4.75,25.41,1325.87,3.38,10078.49,7.92,412.47,6,-19.3638,-110.1142,1.41,16.82,Medium,Water,Sand,Summer,1
12.37,67.68,1037.25,3.2,2.12,1411.46,1.76,1492.95,7.8,34.18,2,-52.565,-90.6603,7.62,41.08,Poor,Agricultural,Loam,Summer,0
30.36,96.58,1003.3,5.35,17.52,1253.76,1.08,12061.74,2.71,140.24,9,40.2037,6.4328,4.15,24.12,Medium,Agricultural,Clay,Winter,1
36.84,83.36,998.59,18.99,1.04,1407.41,0.07,1822.13,6.32,408.37,6,-56.6748,-109.4293,4.71,38.9,Medium,Agricultural,Clay,Spring,1
35.59,39.15,988.6,2.69,3.83,1906.46,0.68,7364.16,3.5,449.72,4,23.3713,-111.5258,1.73,19.01,Medium,Urban,Rock,Monsoon,0
32.96,77.75,1055.23,16.69,5.17,1594.48,0.42,4235.0,2.22,401.17,1,15.01,52.453,3.89,7.17,Medium,Urban,Clay,Spring,0
23.37,74.47,1011.1,10.56,0.96,1838.48,3.22,3531.76,4.14,234.61,6,-58.5493,63.264,1.61,22.02,Good,Agricultural,Loam,Monsoon,0
19.27,52.24,994.74,0.39,12.21,1800.61,0.23,8394.73,4.01,344.87,0,45.3472,-79.5223,2.73,31.28,Medium,Agricultural,Clay,Winter,0
30.37,43.59,999.43,11.98,9.67,1918.43,1.29,14569.53,3.59,116.88,7,42.384,-83.5812,3.92,20.39,Poor,Urban,Loam,Monsoon,1
29.15,33.15,1017.02,9.58,2.38,1002.06,1.5,11588.59,4.68,300.61,0,21.1222,107.8541,2.36,32.44,Medium,Urban,Loam,Summer,0
23.27,72.84,1026.06,4.52,0.5,907.05,1.82,6171.8,3.43,411.99,8,59.6689,-31.5721,2.36,36.53,Good,Urban,Clay,Winter,1
23.14,83.3,1005.03,7.13,3.04,1168.28,4.42,1447.41,5.71,464.13,6,39.5797,-165.8795,6.99,37.34,Medium,Urban,Clay,Summer,1
22.51,58.31,982.71,0.54,4.95,1237.69,6.79,4540.28,3.64,207.78,6,-27.1952,-179.5795,3.27,19.92,Poor,Agricultural,Loam,Summer,0
33.39,88.97,994.59,22.94,0.96,1390.03,6.59,9794.11,3.13,321.61,9,-45.0377,-148.5557,5.11,22.31,Medium,Urban,Clay,Winter,1
21.15,69.83,1061.77,9.21,17.18,445.95,0.48,952.56,5.44,279.03,8,-16.9074,162.4551,2.92,8.04,Medium,Urban,Clay,Spring,0
26.61,81.35,1012.75,7.3,8.17,1409.61,0.56,8000.85,4.67,231.1,6,-58.6668,150.0998,1.79,12.65,Medium,Agricultural,Loam,Monsoon,0
37.01,55.17,996.78,19.26,9.76,1804.53,0.01,4543.05,1.5,232.45,9,3.9417,8.7502,3.03,9.66,Medium,Agricultural,Rock,Spring,0
22.19,69.3,1003.44,3.66,0.21,589.74,4.71,2695.93,6.23,363.92,6,58.3921,80.1177,3.75,9.54,Poor,Urban,Loam,Summer,1
28.38,53.0,1000.65,7.09,7.28,1502.35,0.37,1566.07,4.93,373.4,2,-14.8679,102.6895,5.69,26.22,Medium,Urban,Loam,Summer,0
32.49,75.56,1007.93,8.66,19.63,561.28,0.13,7788.56,3.68,232.6,6,-30.5571,71.876,4.13,22.89,Poor,Agricultural,Sand,Monsoon,0
21.19,87.55,1051.24,15.59,8.05,189.48,3.46,3289.2,0.69,116.69,0,49.7706,-53.4503,6.54,29.26,Medium,Urban,Loam,Summer,0
16.23,93.63,1029.73,7.72,17.45,153.34,0.82,5783.91,5.98,114.35,6,-14.6126,177.2196,5.24,12.16,Medium,Agricultural,Loam,Monsoon,0
32.15,71.34,985.26,9.74,0.92,554.49,0.68,9069.0,7.79,477.49,8,-27.6182,-49.7132,5.02,41.22,Poor,Agricultural,Clay,Summer,1
19.66,96.34,1010.07,4.12,2.95,335.09,4.01,4442.29,0.65,165.04,3,-54.0502,-141.9865,0.6,34.3,Medium,Forest,Loam,Monsoon,0
19.06,38.66,994.02,3.39,6.52,482.8,3.61,7095.8,2.92,212.08,1,36.409,-119.207,4.37,21.45,Medium,Agricultural,Clay,Monsoon,0
21.58,60.09,1029.06,2.4,9.96,390.82,3.92,6888.64,6.76,139.6,9,-13.641,58.6157,4.44,22.92,Poor,Agricultural,Clay,Spring,0
37.55,36.24,1008.21,0.59,3.41,631.1,0.01,2831.09,2.14,151.37,5,38.9441,-91.3326,0.96,35.07,Good,Forest,Sand,Spring,0
19.29,62.17,1017.89,50.26,6.3,1093.74,1.52,752.1,7.68,464.81,2,-51.8418,103.6683,5.33,19.04,Good,Forest,Sand,Summer,0
24.47,56.81,1028.31,12.24,1.92,136.69,4.63,9559.36,2.05,19.02,5,-52.2034,128.408,0.58,43.75,Medium,Urban,Clay,Spring,1
0.14,70.97,1003.96,14.78,2.37,320.73,3.22,5057.09,2.65,384.51,0,-43.1833,-114.0031,0.12,21.58,Medium,Agricultural,Loam,Winter,0
35.32,78.98,1017.17,2.02,2.54,1858.32,0.32,3219.41,3.5,470.54,3,27.7225,-117.898,7.82,14.84,Poor,Agricultural,Loam,Monsoon,0
27.27,50.21,1009.43,17.08,1.68,1878.93,4.92,744.62,6.28,93.04,9,-17.646,27.138,3.68,25.93,Poor,Urban,Loam,Monsoon,0
31.05,62.16,1018.7,0.08,4.98,1350.26,1.47,10370.64,2.93,82.92,4,17.2694,156.9066,7.28,20.96,Medium,Urban,Loam,Winter,0
28.71,33.88,1014.84,0.41,3.63,582.48,1.74,10892.0,1.02,442.36,3,-46.8551,17.2565,1.75,28.65,Medium,Urban,Sand,Winter,0
30.77,65.29,1010.82,12.91,8.77,407.55,0.49,11403.01,6.15,39.49,4,-1.1444,165.4144,4.79,16.83,Medium,Urban,Sand,Spring,0
31.94,64.85,1041.64,5.5,1.94,176.02,0.71,12592.08,6.38,486.44,9,60.613,-135.4683,1.65,17.61,Poor,Urban,Loam,Summer,1
18.69,72.45,1018.08,7.07,3.4,134.99,2.04,6526.67,3.58,302.26,1,-29.2526,64.0718,0.12,5.64,Medium,Agricultural,Loam,Winter,0
33.11,46.63,1003.51,6.18,1.08,1827.68,1.05,3266.05,5.69,129.88,8,-15.1182,110.6084,2.94,29.91,Good,Agricultural,Loam,Spring,0
32.57,77.91,1019.38,2.25,4.7,181.89,2.38,6194.12,1.64,489.82,6,25.1603,-141.8062,6.31,31.14,Good,Agricultural,Loam,Winter,0
28.9,62.49,1011.91,10.25,2.33,1272.65,2.55,9407.37,4.36,157.05,3,-23.4199,98.9506,6.67,16.72,Poor,Urban,Clay,Spring,1
13.42,63.58,976.37,8.48,1.05,1227.89,0.82,11036.76,4.68,281.59,0,-51.5604,20.5576,1.46,15.6,Medium,Agricultural,Loam,Summer,0
22.78,39.57,1015.1,6.65,1.16,1607.32,1.7,9228.22,3.97,135.47,3,5.6427,122.2862,5.74,16.69,Poor,Forest,Sand,Monsoon,1
19.39,34.53,1019.03,12.9,5.11,1789.87,1.47,7997.36,5.8,168.46,7,-16.3643,159.6466,1.84,10.71,Good,Water,Rock,Summer,0
33.05,62.6,1016.17,7.04,0.72,840.91,0.98,5340.16,7.15,39.06,2,-38.8433,60.1426,1.36,6.81,Medium,Water,Sand,Summer,0
17.87,89.28,989.13,4.21,10.17,610.54,0.83,8448.18,1.27,461.81,1,-18.5909,154.5956,3.15,15.45,Medium,Urban,Sand,Summer,0
34.07,63.55,979.28,2.4,5.4,668.26,2.12,5816.85,5.75,337.22,6,32.667,27.9116,3.07,33.74,Medium,Urban,Clay,Monsoon,1
14.5,36.87,1036.17,8.95,2.14,510.78,2.56,4989.44,1.52,246.01,1,53.3382,5.253,6.6,26.57,Good,Water,Sand,Monsoon,0
29.74,31.91,1023.33,13.22,7.66,1400.86,2.5,716.9,3.82,410.91,4,44.5629,90.8668,1.84,26.06,Medium,Urban,Loam,Winter,0
21.88,99.56,1042.97,14.73,4.32,1868.38,4.78,12237.05,4.73,268.28,6,15.1116,-91.9705,2.01,23.06,Good,Forest,Sand,Summer,1
22.19,74.97,1027.66,9.35,4.39,1051.42,0.4,4281.03,4.43,396.78,0,55.3946,10.0685,1.29,34.1,Poor,Urban,Clay,Monsoon,1
35.78,70.91,986.83,23.7,4.54,1015.42,3.47,3116.05,2.33,393.95,8,19.1568,-30.5677,3.62,28.18,Medium,Urban,Sand,Summer,0
35.1,44.94,984.66,2.91,5.23,1524.62,1.24,5092.99,7.33,76.55,0,5.5609,99.0993,4.12,43.34,Medium,Forest,Clay,Spring,1
24.12,72.74,1004.58,1.56,0.96,1413.97,0.37,2116.5,7.83,17.22,0,4.84,99.3062,1.31,14.21,Medium,Urban,Clay,Summer,0
6.08,76.42,1039.03,5.58,14.62,521.94,1.97,9209.53,2.61,211.73,4,-56.7912,-142.577,6.76,41.31,Good,Forest,Rock,Winter,0
13.56,71.88,999.57,21.12,6.47,944.35,2.8,10386.92,7.35,139.14,8,66.7319,-177.2985,3.76,16.25,Good,Water,Clay,Winter,1
24.11,96.86,1014.4,9.35,11.45,1345.93,1.54,2670.19,1.83,241.56,5,53.8686,-38.6788,0.92,44.93,Poor,Water,Clay,Summer,0
26.03,53.53,1022.88,3.22,2.94,182.76,4.4,7713.01,5.94,124.54,4,-8.5146,-94.3343,5.04,0.33,Good,Forest,Loam,Monsoon,0
17.78,78.02,1033.18,7.96,4.55,1.63,0.6,13967.19,2.68,224.63,9,53.7227,33.7658,6.14,27.52,Medium,Agricultural,Loam,Winter,1
35.96,89.39,1012.58,17.96,4.64,1987.94,0.4,2699.42,0.75,494.78,4,-21.1705,44.585,6.1,2.69,Medium,Urban,Sand,Spring,0
27.06,40.88,997.76,7.92,0.69,801.42,0.87,11370.52,5.31,469.17,9,21.2386,68.9988,5.8,34.68,Medium,Urban,Sand,Monsoon,0
16.49,62.16,1007.41,33.02,1.2,1298.14,8.1,5705.94,7.16,433.36,7,31.3438,105.6545,4.37,30.82,Good,Urban,Clay,Summer,1
29.83,45.38,1001.83,0.1,3.55,1452.92,0.86,11258.55,3.79,94.14,9,58.6606,14.4918,5.68,17.36,Medium,Urban,Clay,Monsoon,1
20.4,50.36,1024.56,1.02,1.75,856.2,6.65,9830.68,6.37,169.5,8,42.8735,9.1864,3.22,15.12,Medium,Forest,Sand,Winter,1
19.38,91.69,994.46,25.12,9.36,833.9,4.92,1567.77,5.39,469.24,2,-21.6808,-139.8304,2.22,32.29,Medium,Urban,Clay,Monsoon,1
29.47,65.83,1015.07,1.51,2.5,1248.08,2.88,9143.38,0.76,80.12,2,-33.4469,-125.4984,7.49,20.83,Good,Urban,Clay,Spring,1
25.69,74.27,1032.8,25.56,3.6,1676.56,0.78,14658.82,1.09,365.17,4,-20.2127,-144.0754,0.3,3.22,Good,Urban,Rock,Winter,0
41.64,52.09,1037.36,3.52,3.79,611.26,5.45,5801.21,2.15,81.52,9,3.3969,-157.0907,3.81,41.38,Poor,Forest,Clay,Summer,1
18.13,71.14,1046.61,2.3,4.7,1347.96,0.15,12382.73,6.96,41.14,8,35.6112,133.2415,1.68,23.83,Poor,Water,Rock,Winter,0
27.01,89.17,1032.25,7.64,3.86,1125.16,11.21,1655.48,6.54,143.92,9,-38.974,-109.1372,2.55,37.08,Poor,Urban,Loam,Monsoon,0
27.96,37.07,1021.53,10.33,6.4,1431.65,2.57,2624.92,2.86,423.65,7,51.7697,-44.2469,2.23,1.04,Medium,Urban,Sand,Summer,0
27.74,45.48,1029.23,0.51,0.52,647.99,1.4,14899.47,3.77,267.08,0,39.676,118.6514,2.56,39.87,Poor,Forest,Rock,Winter,0
34.13,66.0,1029.64,0.82,0.18,1875.62,0.6,5746.63,6.46,347.74,2,-45.4866,106.5115,5.42,23.48,Medium,Agricultural,Clay,Monsoon,1
21.84,88.66,1024.4,1.85,1.1,220.23,3.9,1712.99,1.54,130.48,9,41.9244,157.9841,3.71,31.57,Good,Forest,Loam,Spring,0
25.63,36.9,1007.42,3.37,0.76,274.79,0.16,4836.44,3.68,237.59,9,-18.6376,-5.5714,0.12,8.98,Good,Urban,Sand,Summer,1
19.49,64.34,1005.11,26.91,0.53,881.79,0.05,11586.38,5.31,352.85,1,6.8311,70.3041,7.26,18.43,Medium,Urban,Sand,Spring,0
17.61,74.14,1018.3,22.34,2.06,444.07,4.47,10409.98,1.29,209.97,9,-26.7459,-132.7519,0.16,23.38,Medium,Urban,Rock,Monsoon,0
19.1,47.06,1001.56,2.64,9.99,1574.68,3.83,11049.59,5.33,268.66,2,11.3261,-91.5293,4.5,27.07,Medium,Urban,Clay,Monsoon,1
8.53,65.49,1011.44,4.26,25.76,714.96,1.97,13336.31,5.28,287.27,4,24.9984,-95.7029,1.02,29.76,Poor,Agricultural,Clay,Winter,1
22.57,31.18,1020.78,27.6,2.11,620.82,0.61,3743.59,6.01,454.87,2,-21.6022,163.0813,4.13,27.79,Medium,Urban,Clay,Monsoon,1
40.89,39.93,1039.83,9.21,15.18,1956.59,4.39,12125.47,2.07,86.65,8,-30.6675,-49.9133,2.06,38.64,Medium,Urban,Loam,Summer,0
36.04,45.11,1076.67,8.97,15.26,161.21,2.79,13056.14,7.9,174.03,3,-43.5362,-179.2224,0.35,39.86,Poor,Agricultural,Loam,Summer,0
32.35,33.95,1013.33,16.78,0.94,783.24,0.43,10568.95,5.59,278.47,9,22.887,109.5501,4.59,34.27,Medium,Urban,Clay,Monsoon,1
23.02,30.84,1007.56,7.59,3.91,1000.15,0.76,6474.39,6.25,99.08,3,25.0102,155.778,3.44,14.57,Poor,Forest,Loam,Spring,0
21.4,37.39,1013.27,8.84,0.66,298.84,2.96,11285.31,6.82,61.81,7,44.7743,176.3084,6.66,32.45,Good,Forest,Sand,Monsoon,0
34.23,36.49,998.98,15.11,0.16,995.93,3.95,1388.78,4.38,88.1,6,9.5338,151.3041,7.61,24.72,Good,Agricultural,Loam,Summer,1
29.35,57.73,990.03,9.33,4.01,877.32,0.54,10812.5,7.32,387.28,3,-54.1315,-149.9942,2.6,30.58,Poor,Forest,Loam,Monsoon,0
28.9,96.43,994.26,4.5,6.63,701.71,0.73,3106.88,6.66,136.12,6,-5.0393,176.42,7.99,14.73,Medium,Urban,Loam,Summer,0
38.73,33.03,999.86,4.68,2.13,489.64,2.12,4420.85,5.05,257.13,0,11.6932,20.059,0.05,24.22,Medium,Water,Rock,Monsoon,0
22.39,70.07,992.79,85.61,0.68,1586.15,13.7,12098.84,6.25,136.75,6,-57.4836,82.3001,0.57,23.49,Medium,Forest,Clay,Summer,0
18.46,73.17,1025.78,3.28,5.35,1080.91,1.1,10127.71,3.62,412.47,2,-42.4732,1.2183,3.33,23.03,Poor,Water,Sand,Winter,1
23.72,91.21,991.96,8.1,6.59,847.13,0.08,9752.41,5.26,45.0,0,-25.3684,-32.9964,4.47,22.53,Poor,Urban,Clay,Monsoon,1
31.07,39.67,1021.91,4.87,0.86,212.71,2.09,14516.29,5.59,492.56,1,28.8359,-85.8719,0.06,4.33,Poor,Urban,Clay,Spring,0
19.81,69.73,1033.5,3.53,13.3,1458.36,0.92,3238.34,1.53,383.59,5,55.5754,-164.3344,2.19,31.23,Medium,Forest,Loam,Spring,0
25.86,75.18,999.33,1.74,2.02,659.61,3.43,3000.43,4.61,393.64,6,-10.4002,-67.784,1.99,33.15,Good,Forest,Clay,Winter,1
35.54,59.56,1030.39,7.68,1.37,931.64,0.74,8257.12,5.52,310.86,4,53.5166,-68.3491,1.28,31.38,Good,Urban,Loam,Spring,0
24.21,78.1,1053.68,25.66,6.62,1922.59,1.19,7971.53,2.48,492.94,5,-9.7535,150.3784,2.87,13.4,Medium,Water,Sand,Winter,0
20.98,59.71,975.55,3.01,1.71,372.91,0.82,9403.65,3.4,359.04,4,-34.1542,-33.3731,4.17,5.16,Medium,Urban,Clay,Winter,0
19.54,42.17,1011.12,13.01,3.27,964.92,1.82,11848.93,1.69,94.79,7,-47.9567,-100.5676,7.49,25.98,Medium,Urban,Loam,Winter,1
27.07,33.14,995.73,5.55,3.5,1813.26,1.29,2223.93,2.67,339.38,1,41.9877,12.0241,2.57,34.06,Medium,Agricultural,Loam,Summer,0
20.44,80.19,1026.47,2.06,0.49,1149.09,4.79,628.34,6.7,258.17,5,-22.1932,-60.2905,1.38,38.66,Medium,Urban,Clay,Winter,1
21.28,84.11,1021.62,1.61,2.7,1456.37,0.63,4777.37,5.5,101.97,2,31.5173,82.5407,3.07,2.09,Good,Forest,Rock,Winter,0
29.26,95.63,1047.57,9.02,24.71,1707.64,6.14,4982.18,1.62,400.47,8,67.1574,134.2253,7.37,10.58,Poor,Forest,Rock,Spring,0
19.29,47.46,1039.01,8.58,3.93,1747.88,2.25,6385.78,5.38,377.57,5,55.0841,-64.2942,3.3,25.51,Medium,Agricultural,Sand,Spring,0
14.42,98.14,996.78,6.97,9.71,390.63,5.61,11937.03,6.57,200.98,5,59.8789,-106.3399,6.75,23.45,Poor,Agricultural,Loam,Summer,1
13.57,54.32,1003.01,7.07,6.06,1926.45,0.31,10230.5,2.25,118.15,7,39.948,-123.3666,6.21,44.0,Poor,Agricultural,Sand,Summer,0
26.35,61.55,1018.46,39.4,7.92,11.74,0.24,8354.13,3.12,408.15,8,-5.4052,44.6037,1.33,8.9,Medium,Urban,Rock,Winter,0
36.16,41.76,989.29,16.98,0.88,651.97,1.35,8958.52,4.7,60.03,3,40.5626,-96.8137,0.45,26.63,Poor,Urban,Loam,Summer,0
24.06,73.73,990.94,0.75,8.45,1874.87,0.43,11415.55,2.85,341.6,0,16.4099,91.2595,4.51,2.44,Medium,Forest,Rock,Summer,0
28.9,75.68,997.01,20.58,0.48,560.41,0.28,14003.12,3.7,455.93,9,-53.8251,82.3919,7.12,20.54,Poor,Urban,Loam,Spring,0
34.07,85.3,977.5,2.62,1.15,443.81,0.96,8073.04,0.6,392.35,0,28.6116,100.6708,6.42,25.16,Medium,Urban,Loam,Summer,0
13.46,41.97,1006.65,13.62,4.28,809.21,1.36,8289.62,2.3,195.3,2,-57.2669,-171.5226,3.91,9.5,Medium,Urban,Sand,Spring,0
23.73,61.03,991.7,0.09,5.51,1076.42,1.38,12289.46,2.31,431.94,9,32.3043,-91.5912,2.98,18.5,Poor,Forest,Sand,Spring,0
12.28,91.43,1014.19,1.9,0.1,895.13,8.56,9544.7,3.16,18.27,9,15.7911,-84.523,1.65,29.15,Poor,Agricultural,Loam,Winter,0
18.42,50.43,1019.6,10.69,8.73,641.85,3.21,10198.51,3.12,439.43,1,22.6639,6.2354,2.2,31.74,Medium,Urban,Clay,Monsoon,1
24.88,83.03,997.32,7.79,3.65,1435.82,0.38,6916.46,1.61,266.68,6,-38.3246,31.0815,0.97,3.4,Poor,Urban,Loam,Spring,0
29.75,76.61,983.25,23.05,3.96,1122.57,4.39,910.29,5.21,214.16,6,-59.6579,46.7957,4.41,40.69,Medium,Forest,Loam,Spring,0
26.59,46.35,1050.65,6.62,3.08,1382.89,0.01,8842.73,5.04,375.3,9,-20.8975,35.1602,6.56,20.57,Good,Urban,Rock,Monsoon,0
5.61,58.88,1015.55,9.05,0.31,350.75,0.52,6171.96,3.28,363.88,9,-19.21,60.8987,0.1,4.72,Poor,Agricultural,Clay,Summer,0
23.23,50.63,1010.44,19.63,5.83,1750.54,0.22,6888.69,2.22,363.4,6,-18.8342,-169.7113,6.52,1.59,Poor,Urban,Clay,Summer,0
36.23,39.9,1003.17,1.72,4.93,1143.48,0.33,12798.74,2.97,189.81,1,15.1599,-37.9201,6.11,41.04,Medium,Agricultural,Loam,Monsoon,0
28.99,45.49,1034.58,6.55,29.4,656.76,0.25,422.84,1.88,101.61,8,1.8778,87.5992,1.11,29.42,Poor,Forest,Loam,Winter,1
16.64,74.12,1007.71,20.69,0.39,1115.85,0.24,502.24,5.6,344.11,9,69.7152,-117.3986,0.83,26.35,Poor,Agricultural,Loam,Summer,0
31.18,82.17,1004.11,10.29,13.42,1156.22,1.43,14637.83,2.05,79.56,9,27.6163,-126.2343,0.34,13.67,Poor,Agricultural,Loam,Summer,0
31.95,40.87,975.9,6.57,2.63,953.37,0.22,1686.81,7.73,489.89,2,-12.7459,33.0431,1.11,8.61,Medium,Forest,Clay,Monsoon,0
26.2,75.32,1008.79,6.73,4.02,1006.09,0.11,11053.73,4.34,94.68,1,49.5753,-171.263,4.56,20.55,Poor,Agricultural,Loam,Summer,0
35.25,74.4,984.55,2.04,1.68,1832.01,0.41,2686.26,4.1,55.18,3,33.9879,103.5766,3.96,36.25,Medium,Urban,Clay,Monsoon,1
24.51,94.94,1032.92,2.26,3.61,427.54,0.42,14305.48,6.63,15.78,5,13.6889,-16.5836,1.18,31.38,Poor,Urban,Sand,Winter,0
20.78,49.61,991.95,0.45,1.24,1803.23,3.7,2597.2,3.25,162.29,0,-31.9568,20.1011,4.72,10.82,Good,Urban,Loam,Winter,0
22.59,49.17,995.76,2.21,1.11,261.34,1.89,10353.07,5.77,270.85,0,-30.0074,83.1253,4.09,37.7,Medium,Water,Loam,Winter,0
23.3,73.54,1025.64,1.92,7.13,1956.5,3.1,9275.37,3.86,179.17,7,56.1044,161.8768,2.63,37.47,Medium,Forest,Loam,Monsoon,1
21.1,63.05,1027.42,18.42,28.81,1589.77,0.05,5594.44,2.35,482.42,9,20.9165,-158.1825,6.73,11.51,Medium,Water,Loam,Monsoon,0
19.65,91.39,1030.05,1.04,0.98,1441.23,0.38,2455.01,4.67,419.14,6,-32.1431,-111.8552,6.9,36.76,Good,Urban,Sand,Spring,0
19.08,34.04,1050.11,9.37,1.18,1700.27,1.59,11029.18,5.55,180.19,0,5.6562,-125.956,0.13,3.76,Medium,Urban,Clay,Spring,0
15.49,86.03,990.9,18.53,1.07,247.88,2.01,12088.89,7.73,13.33,7,-51.9028,65.0212,5.87,37.29,Poor,Urban,Sand,Spring,0
30.51,56.43,1022.72,0.13,1.5,935.62,2.37,5792.4,4.52,266.89,4,67.3743,16.0227,0.73,14.95,Poor,Water,Sand,Monsoon,0
26.69,46.79,989.38,0.51,13.05,111.98,2.53,5061.49,7.5,493.17,3,9.8296,24.7368,7.39,14.96,Medium,Forest,Sand,Winter,0
41.85,34.74,1020.66,15.2,3.59,1314.35,2.96,13124.08,3.44,407.6,3,-57.396,-145.5253,5.28,4.62,Medium,Urban,Loam,Summer,0
11.15,39.17,985.85,51.39,1.67,1442.06,0.5,13179.98,3.41,451.44,2,16.5611,-10.0767,2.11,3.71,Medium,Water,Clay,Summer,0
23.7,60.15,993.94,35.86,3.14,1356.14,1.36,4121.79,1.29,430.95,2,-59.6765,-154.0925,0.78,9.62,Medium,Urban,Sand,Winter,0
44.45,36.01,1009.66,14.34,3.63,1141.9,2.19,7552.61,4.41,254.82,8,57.0563,48.6045,1.18,44.76,Good,Water,Loam,Monsoon,0
16.73,55.68,1016.76,5.9,13.7,1318.37,4.16,11388.12,2.82,362.17,2,45.1968,-103.7713,4.33,28.2,Poor,Agricultural,Clay,Spring,1
16.19,81.91,997.41,36.25,1.11,1563.7,0.09,1871.65,4.36,499.81,2,62.9529,-125.7394,0.9,10.79,Medium,Urban,Loam,Summer,0
17.61,38.67,970.99,0.9,0.99,482.1,6.77,7186.64,4.33,356.43,2,-39.9003,-121.011,7.58,27.06,Medium,Urban,Rock,Monsoon,0
25.0,60.18,1008.67,12.24,2.41,1953.15,2.22,9932.78,7.4,497.65,0,53.3898,131.8359,3.71,42.79,Medium,Forest,Sand,Summer,0
31.05,65.98,1000.45,2.86,3.75,390.88,0.23,12588.84,5.74,110.44,9,4.1277,47.027,6.41,10.65,Medium,Agricultural,Loam,Summer,0
17.69,97.77,1034.23,20.04,1.71,1350.14,2.53,6529.11,6.98,348.21,4,-3.5901,84.118,1.77,18.35,Medium,Urban,Sand,Summer,0
24.47,38.19,1046.88,3.47,1.47,1562.05,0.4,7027.33,5.53,482.75,1,35.3317,70.0749,3.23,3.1,Medium,Agricultural,Sand,Spring,0
25.75,49.35,1018.87,3.15,13.22,606.58,2.92,9679.43,4.94,98.73,4,-38.0676,28.6946,3.2,13.16,Medium,Forest,Clay,Winter,0
15.14,60.41,997.36,6.23,3.77,1935.14,4.7,9179.95,0.79,310.01,8,0.7983,126.6832,5.38,35.63,Good,Urban,Sand,Monsoon,1
37.99,50.83,1009.28,2.25,0.68,1056.03,0.01,10671.86,3.96,270.59,3,62.4421,174.0586,0.4,13.42,Good,Urban,Loam,Summer,0
15.16,78.49,1012.22,17.19,6.1,880.57,4.21,2151.52,2.45,249.87,5,-13.0393,-94.3036,3.04,9.17,Good,Agricultural,Loam,Winter,0
29.32,31.09,999.46,1.2,0.15,270.89,2.79,13293.66,2.59,68.37,2,64.949,-132.8476,5.18,15.76,Good,Urban,Sand,Summer,0
27.02,32.33,992.03,3.73,0.81,1955.69,0.02,5350.69,2.77,332.11,0,-53.2501,89.3881,4.85,26.59,Medium,Agricultural,Loam,Monsoon,0
23.76,90.69,1009.73,1.32,2.43,668.55,4.01,7217.63,7.97,371.16,6,22.6663,103.1335,2.9,29.4,Medium,Urban,Sand,Winter,0
22.57,49.84,1002.27,20.65,4.03,1216.65,0.91,998.62,1.06,215.99,8,36.466,-153.7134,0.83,11.8,Medium,Agricultural,Clay,Summer,0
34.1,50.24,1024.46,57.38,0.76,1923.87,4.65,8323.23,4.89,389.77,6,48.7542,77.7062,2.27,33.12,Medium,Urban,Loam,Monsoon,0
47.12,87.98,1022.26,13.56,9.7,1014.57,1.96,12833.12,2.24,227.57,4,-32.3655,-95.5978,7.32,0.71,Medium,Urban,Loam,Winter,0
29.4,74.24,1005.19,2.47,2.24,1579.93,2.69,8691.08,1.59,403.61,1,-15.5624,-177.3673,3.57,13.59,Poor,Forest,Clay,Winter,0
22.1,87.44,1018.73,31.76,2.17,567.9,2.08,9575.12,1.34,464.11,6,-26.0002,-139.9421,6.12,16.17,Poor,Water,Loam,Winter,0
25.91,74.44,1028.03,5.58,8.42,1034.49,3.5,14883.58,5.35,269.12,0,-18.502,20.8602,4.49,7.16,Poor,Forest,Loam,Spring,1
28.07,42.36,1035.02,16.41,5.37,668.24,0.94,2422.73,6.76,259.41,9,-11.4874,-35.0358,7.36,25.39,Good,Urban,Clay,Spring,1
39.76,81.18,1037.08,2.1,1.52,487.01,0.32,3741.49,5.1,189.54,0,-26.5344,-98.4995,4.7,22.69,Medium,Urban,Clay,Monsoon,0
26.55,89.39,994.65,30.89,9.85,1355.23,0.45,1182.06,0.86,309.92,9,22.3851,-170.7365,1.68,18.16,Good,Urban,Loam,Summer,0
42.38,83.93,1032.13,15.69,3.66,151.45,1.63,7215.95,2.12,14.98,0,-16.4551,-84.2025,1.44,1.37,Medium,Urban,Loam,Spring,1
35.93,99.01,981.08,4.38,0.29,389.8,4.56,10520.75,6.43,70.84,0,-8.9817,-171.3237,0.88,33.54,Good,Urban,Loam,Summer,0
30.66,95.75,1039.59,1.04,8.01,1341.57,0.76,8234.99,5.33,370.77,7,50.5434,-131.8322,5.55,35.34,Medium,Water,Loam,Spring,0
24.1,88.62,1028.78,6.85,0.56,295.71,0.1,3010.19,7.2,328.6,1,-31.8081,153.2213,4.97,17.39,Medium,Forest,Rock,Summer,0
21.93,36.64,1023.42,37.14,2.77,4.44,1.38,9327.58,6.32,472.04,7,32.5306,-98.6911,7.52,1.45,Poor,Agricultural,Sand,Winter,1
22.07,42.36,1019.09,6.49,2.52,972.34,5.63,9895.1,2.68,94.73,7,12.2558,3.9475,5.62,24.82,Medium,Forest,Clay,Winter,0
28.66,69.84,1042.14,6.35,1.32,767.61,9.19,2272.46,4.57,434.6,6,-37.826,-26.8701,3.25,40.44,Good,Urban,Loam,Winter,0
25.98,75.65,1015.37,2.49,6.56,1956.77,1.49,3984.39,4.8,348.4,2,27.361,16.8689,7.34,10.71,Medium,Forest,Sand,Winter,0
30.48,77.49,1032.21,0.58,6.92,1276.21,0.72,12319.51,6.74,466.77,1,-45.8928,-117.7007,5.94,18.41,Good,Urban,Clay,Winter,1
30.14,82.7,981.89,3.21,10.23,218.36,0.47,14559.93,1.51,445.17,9,17.0946,56.882,3.84,11.34,Medium,Agricultural,Sand,Spring,0
33.1,37.42,1004.02,7.84,1.61,1452.51,0.0,4229.89,5.59,277.91,1,59.4371,-5.1665,6.54,24.6,Medium,Forest,Sand,Winter,0
38.35,82.53,1022.57,8.95,2.97,521.56,4.8,5609.84,6.49,25.52,6,-18.487,-165.109,2.76,30.22,Poor,Urban,Clay,Spring,1
11.36,97.66,981.37,5.92,13.13,598.13,1.02,6004.62,4.6,296.28,9,37.5443,-79.9755,0.54,23.84,Poor,Forest,Loam,Summer,0
19.91,51.28,1010.34,3.77,11.75,1963.5,0.47,6514.64,7.83,209.56,6,-1.8893,49.9187,0.88,33.9,Medium,Urban,Clay,Winter,1
34.2,61.46,962.58,25.96,0.21,1309.86,0.75,8436.21,5.42,226.0,2,59.534,-147.2308,5.64,23.05,Medium,Agricultural,Rock,Summer,0
20.67,65.13,997.9,18.18,1.67,315.48,0.64,1603.81,7.45,437.59,5,18.0751,149.7614,7.24,0.08,Medium,Urban,Clay,Winter,1
35.46,88.67,1003.5,6.49,1.32,1199.41,0.61,3903.44,6.56,85.59,9,37.0589,-87.2856,2.29,21.3,Poor,Urban,Sand,Winter,0
25.98,33.93,1003.76,7.07,2.4,950.85,0.36,1444.01,6.12,130.38,3,-19.6379,131.9663,4.2,0.14,Medium,Urban,Sand,Spring,0
17.76,85.4,982.59,10.85,2.95,1155.03,2.91,11212.18,1.89,157.45,7,34.3673,22.7519,5.44,3.08,Poor,Agricultural,Clay,Summer,0
19.29,33.43,1033.7,1.99,4.68,30.5,3.14,13526.69,4.22,356.74,4,67.61,-129.9329,7.04,34.63,Poor,Forest,Clay,Spring,0
16.99,96.72,994.99,2.72,0.69,250.64,3.28,10751.24,1.47,117.68,7,-25.6767,-119.9999,5.04,44.5,Medium,Forest,Rock,Spring,0
30.41,30.65,977.26,12.42,3.32,1401.38,1.19,7165.47,7.22,113.34,1,-46.8515,124.6707,6.5,20.92,Medium,Agricultural,Rock,Monsoon,1
21.85,65.12,1026.58,2.29,1.76,1373.3,1.12,9444.25,6.68,177.0,8,-37.4305,-16.8489,5.4,16.6,Medium,Urban,Clay,Summer,1
22.33,35.56,984.03,12.58,4.02,868.88,1.46,9871.51,7.96,389.81,2,-43.4866,70.4111,0.49,34.23,Medium,Water,Clay,Summer,0
26.91,67.45,1032.29,1.41,3.36,797.41,0.76,11605.62,0.96,326.88,6,21.3238,-8.263,6.46,4.65,Good,Urban,Rock,Summer,0
19.49,82.04,1017.78,2.34,2.46,1564.4,5.78,8441.07,4.4,257.41,7,50.8182,-10.3768,7.09,16.97,Poor,Urban,Loam,Spring,0
17.92,46.33,988.39,0.03,5.9,1181.11,3.32,711.06,7.46,172.13,6,-26.5518,7.5402,3.61,5.42,Poor,Forest,Sand,Spring,0
22.52,50.54,1009.87,3.48,2.19,732.95,1.12,1470.18,0.54,370.64,6,38.9326,-119.3545,3.01,42.67,Poor,Urban,Loam,Monsoon,0
19.95,87.53,1021.51,15.81,17.98,300.56,4.74,5182.43,3.62,239.54,8,-2.8425,146.6201,5.56,19.57,Good,Urban,Loam,Summer,0
22.14,74.89,1009.79,5.75,2.66,290.68,1.15,5913.47,3.38,117.1,1,-50.52,-42.3632,2.09,30.03,Medium,Water,Loam,Winter,0
33.46,69.57,1018.22,4.43,2.33,1130.92,3.32,2091.43,0.79,396.89,8,-2.2898,-163.5797,1.62,10.56,Medium,Water,Clay,Monsoon,0
18.78,33.03,1005.09,10.33,4.02,458.59,3.56,11059.04,2.57,379.15,2,-49.7816,-179.8119,5.67,23.58,Poor,Urban,Sand,Summer,0
28.95,41.25,1013.32,2.88,3.1,1281.68,1.83,7865.87,6.03,424.51,8,-41.0006,-124.9792,5.29,16.84,Medium,Agricultural,Clay,Winter,1
32.39,43.08,1006.31,5.92,0.23,80.15,5.74,12178.04,4.47,267.47,9,-28.9045,116.5168,5.77,26.59,Medium,Agricultural,Sand,Winter,0
14.69,44.45,980.9,20.74,0.6,1126.26,3.37,8755.48,2.95,392.86,4,48.8591,13.1203,0.04,14.27,Good,Agricultural,Sand,Summer,0
15.02,84.25,1041.7,23.43,1.66,1929.98,1.95,13184.71,1.28,133.23,3,66.1139,44.7229,3.89,5.34,Medium,Agricultural,Sand,Monsoon,0
35.9,47.93,1002.29,12.12,3.57,329.81,0.29,6919.55,5.83,305.62,8,-55.1863,-48.3103,3.12,37.96,Poor,Water,Sand,Summer,0
34.6,67.97,1015.28,5.65,16.27,1937.12,0.08,10632.0,3.29,340.85,1,7.975,165.3954,6.28,5.19,Medium,Urban,Loam,Spring,0
27.13,72.17,990.05,5.42,2.41,490.92,0.8,7525.35,2.36,393.59,1,-31.5561,-27.5836,1.3,28.14,Medium,Agricultural,Sand,Spring,0
23.1,94.49,998.33,9.22,5.43,603.39,0.16,5549.84,3.52,142.43,9,-2.2717,18.4578,4.28,44.8,Medium,Agricultural,Clay,Spring,1
31.45,75.09,1009.71,8.31,0.37,1460.82,2.32,9637.07,2.51,473.9,6,-47.734,-139.5194,2.8,6.61,Good,Water,Rock,Summer,0
26.08,50.21,1008.5,24.0,0.47,1777.16,0.01,7877.47,3.02,219.39,5,-6.2383,118.9394,4.77,1.48,Medium,Urban,Rock,Summer,0
22.36,64.33,986.69,6.94,3.63,449.9,1.45,7277.52,2.07,494.21,4,39.4455,-117.5782,0.16,11.73,Poor,Urban,Sand,Winter,0
20.32,58.18,1005.81,0.57,2.01,1286.16,0.37,9514.96,7.79,433.46,2,30.3598,112.4658,3.63,23.59,Medium,Water,Loam,Winter,0
20.81,69.51,979.25,6.21,9.4,54.14,0.47,13237.43,0.94,121.22,5,-19.8335,-55.6951,2.42,17.53,Medium,Urban,Loam,Monsoon,0
21.31,58.48,1009.76,2.71,4.24,1566.78,1.33,5070.98,1.64,23.15,4,17.2499,-52.8137,0.24,41.44,Poor,Forest,Loam,Winter,1
19.17,56.56,1029.71,7.93,26.23,417.63,0.28,8965.16,6.9,327.63,5,29.3883,57.5809,7.08,25.14,Medium,Urban,Sand,Summer,1
27.38,93.86,1037.5,21.75,13.13,443.55,2.53,9177.45,6.0,139.06,1,49.6772,21.7028,7.7,8.42,Medium,Forest,Rock,Monsoon,0
29.38,80.6,1025.08,11.07,0.58,1989.91,0.35,8982.4,2.37,92.7,4,16.6775,27.1902,0.41,30.09,Poor,Urban,Loam,Spring,0
30.41,53.07,1012.32,10.74,4.44,299.25,0.57,13959.28,1.89,350.55,4,-30.8888,-100.2379,0.96,17.96,Poor,Agricultural,Loam,Monsoon,0
21.53,54.12,995.92,2.64,0.77,973.41,3.6,14322.64,1.47,413.35,3,-38.4854,-47.261,7.01,32.24,Poor,Agricultural,Sand,Monsoon,0
11.94,40.54,996.49,1.55,3.66,1498.46,1.66,13112.06,2.87,301.57,7,16.8222,-172.465,2.25,17.83,Good,Urban,Clay,Spring,1
19.69,35.9,974.98,2.65,0.51,459.41,2.43,8671.83,3.0,138.0,0,-52.2537,76.5412,6.58,1.19,Poor,Forest,Clay,Spring,0
37.14,33.98,1024.95,3.22,5.37,784.63,2.44,11412.5,0.74,196.62,6,-27.2759,1.1513,1.8,24.84,Medium,Forest,Clay,Winter,0
31.9,64.34,1033.95,2.73,3.57,1361.94,1.23,1320.68,0.63,170.66,2,3.3064,-156.8498,0.41,42.48,Good,Forest,Clay,Summer,1
23.01,49.8,990.9,12.04,0.03,212.75,5.02,6556.67,1.82,398.68,3,28.5804,136.8495,7.71,0.63,Poor,Agricultural,Rock,Monsoon,0
26.21,82.46,1033.91,8.86,0.2,426.29,0.16,1689.65,0.62,216.37,9,-33.5551,174.9613,0.94,37.72,Good,Agricultural,Loam,Monsoon,0
31.3,70.36,1007.04,17.33,3.61,614.05,0.19,4923.08,7.1,358.86,6,-39.3481,-65.7939,6.19,5.4,Medium,Urban,Clay,Winter,0
27.83,48.29,970.88,8.77,0.39,1805.3,0.55,12304.22,5.45,266.27,3,-52.0579,45.764,3.68,35.24,Medium,Forest,Clay,Spring,1
23.56,69.23,1031.21,2.59,2.66,673.58,2.13,14772.01,6.6,104.16,2,24.7642,-107.1844,2.46,22.18,Medium,Agricultural,Sand,Summer,0
23.49,83.69,992.3,1.6,13.51,1052.5,1.41,6421.73,7.01,474.74,4,-27.8413,42.2806,7.72,18.82,Poor,Urban,Loam,Summer,0
25.86,83.58,966.94,6.95,7.63,230.87,0.13,2467.03,6.29,382.07,5,51.1866,91.4788,0.25,30.84,Poor,Forest,Loam,Summer,0
16.5,97.87,998.62,24.37,2.95,273.56,2.6,3909.95,1.76,196.95,6,18.5962,176.0874,4.54,30.78,Good,Agricultural,Loam,Monsoon,0
21.8,77.79,987.74,0.58,3.61,816.79,1.5,12917.38,0.86,384.18,1,-52.3606,163.091,3.81,38.86,Poor,Water,Clay,Summer,1
12.44,97.57,1004.59,3.65,5.3,274.89,3.48,8183.37,7.85,217.47,7,-25.6785,92.8983,5.77,42.74,Medium,Agricultural,Sand,Winter,0
27.89,39.02,997.86,3.9,1.29,1077.87,0.85,2481.81,6.43,239.56,5,-1.5177,-142.8935,4.68,35.52,Medium,Urban,Loam,Monsoon,1
32.45,78.82,1019.05,7.16,1.87,1774.19,1.1,12845.36,6.37,409.95,4,-33.2936,-167.3297,5.99,1.53,Poor,Urban,Sand,Spring,0
27.11,96.08,1021.45,2.57,3.79,637.16,1.36,8400.43,0.77,124.3,3,37.5865,110.7792,1.49,16.26,Medium,Agricultural,Sand,Monsoon,0
27.68,62.79,1029.92,13.06,0.32,1889.22,1.59,7591.58,2.68,11.66,4,-49.1346,169.9387,2.1,24.37,Medium,Urban,Sand,Spring,0
14.54,41.32,1009.77,4.48,4.26,833.81,1.82,10611.62,6.11,206.47,5,-27.8276,15.663,3.57,35.54,Poor,Forest,Clay,Spring,1
31.32,59.05,1029.93,1.26,1.65,1010.71,4.07,14526.99,5.28,181.84,2,-28.3103,-83.8841,2.69,28.15,Poor,Forest,Loam,Winter,0
51.84,86.32,991.46,3.1,0.36,627.52,8.26,13501.67,3.46,439.37,7,59.648,177.1077,3.52,18.25,Medium,Agricultural,Clay,Spring,1
33.68,50.03,1035.68,21.76,0.23,549.18,0.4,10695.33,5.87,272.02,5,56.5524,-155.576,1.42,6.01,Poor,Urban,Rock,Spring,0
22.89,50.57,1029.95,11.31,6.06,1559.95,3.55,4099.09,5.65,76.1,2,-48.8504,157.7875,7.51,20.49,Poor,Urban,Loam,Monsoon,0
31.66,77.5,1005.35,3.21,14.19,126.14,0.77,6004.3,5.68,28.83,6,25.5845,13.2926,5.27,12.38,Medium,Urban,Loam,Spring,0
23.84,60.42,996.27,8.12,0.2,407.66,0.45,9024.66,2.48,80.66,3,25.8071,155.007,5.33,3.3,Poor,Forest,Loam,Monsoon,0
28.66,96.94,1002.15,14.59,16.51,1209.99,5.29,10387.49,7.32,89.18,4,36.7547,163.998,2.34,17.89,Good,Forest,Sand,Spring,0
29.82,46.39,1022.01,5.13,0.54,1881.63,0.67,8980.55,1.64,403.37,2,-10.516,-143.9504,6.92,2.11,Medium,Urban,Clay,Monsoon,0
23.28,80.38,1020.02,0.31,0.71,998.94,0.52,11994.1,7.48,12.12,8,59.0674,141.0781,3.52,25.34,Medium,Urban,Loam,Spring,0
25.1,36.19,1011.28,5.24,5.04,1379.2,3.08,8940.58,2.38,445.73,9,-19.5743,-152.2207,1.11,19.97,Poor,Agricultural,Loam,Monsoon,0
20.58,84.61,1021.66,5.51,6.94,455.5,3.57,8564.94,0.56,264.44,4,-19.5089,-106.4195,0.46,20.13,Medium,Urban,Clay,Spring,1
20.89,80.81,1025.49,8.91,0.26,1799.17,12.41,10659.95,2.24,281.66,4,-8.2302,-145.9744,0.35,14.4,Medium,Forest,Loam,Winter,0
30.17,41.33,1036.85,2.92,6.94,1132.31,1.76,3229.13,5.22,387.61,0,-14.1164,26.4659,3.27,23.19,Medium,Agricultural,Sand,Monsoon,0
22.67,51.57,1031.58,8.14,3.56,1036.2,3.18,8870.09,7.14,313.36,1,20.4923,-97.1178,2.04,42.69,Medium,Agricultural,Clay,Winter,1
19.67,37.29,1004.16,3.57,35.52,188.66,0.48,4147.09,5.14,375.22,9,14.8568,149.2066,3.56,39.37,Poor,Forest,Sand,Spring,1
27.15,49.55,1041.12,3.06,1.36,1959.26,1.02,4821.36,3.64,66.74,0,-12.3844,-141.9206,5.84,11.05,Good,Urban,Clay,Summer,0
34.92,77.32,999.7,10.18,9.32,28.34,5.29,12455.47,7.53,398.86,4,-51.1863,-91.4764,4.39,10.62,Medium,Urban,Loam,Winter,1
31.34,86.43,990.14,4.25,3.62,1783.52,0.97,1314.92,7.96,98.34,7,52.1749,-116.8629,5.81,37.81,Poor,Urban,Clay,Summer,1
37.92,64.06,1009.97,8.11,0.59,1553.12,2.84,4682.67,2.96,117.64,4,-3.3942,-151.8301,2.19,34.19,Good,Water,Sand,Monsoon,1
12.84,97.61,985.26,10.8,7.62,256.66,1.08,2954.14,6.95,84.66,1,-53.377,-178.2156,7.19,41.56,Good,Urban,Rock,Spring,0
24.1,98.12,1008.94,2.63,0.71,1714.11,0.25,1552.1,2.93,321.31,4,-51.7782,-2.2152,3.78,17.59,Poor,Urban,Sand,Spring,0
36.72,48.73,1013.37,4.64,5.84,1985.89,4.69,7860.29,5.58,270.64,4,56.6046,7.0635,4.91,21.13,Good,Urban,Rock,Winter,0
14.87,84.09,983.14,8.69,2.57,1272.11,2.64,441.22,1.17,56.3,3,-14.3571,-173.708,3.42,36.16,Medium,Water,Sand,Winter,0
29.36,65.08,997.1,14.49,9.96,502.17,2.3,9153.26,6.96,220.75,9,-5.33,61.6145,2.88,20.32,Medium,Agricultural,Sand,Spring,0
23.44,96.33,987.1,2.84,0.11,980.1,0.51,8772.21,6.63,260.5,4,54.3943,-60.7059,1.31,3.14,Medium,Agricultural,Loam,Winter,0
23.58,86.28,1018.5,5.27,5.76,331.21,1.55,1986.58,4.52,129.36,0,22.815,-15.3032,3.9,37.61,Poor,Water,Sand,Spring,0
37.89,46.35,979.63,4.76,17.97,1873.07,4.0,11708.9,1.67,238.8,3,-5.6471,-26.9491,2.09,1.49,Poor,Urban,Rock,Summer,0
34.07,75.75,1012.24,1.72,0.77,1114.97,0.1,5963.61,3.49,106.2,4,44.7659,164.6806,2.64,0.53,Poor,Urban,Rock,Monsoon,0
22.95,95.12,968.17,6.15,5.58,1409.6,3.63,14630.17,3.01,131.25,8,-3.0816,61.6675,7.61,16.01,Good,Agricultural,Loam,Winter,1
28.61,91.99,990.67,10.02,5.46,207.64,2.19,6869.77,5.39,169.82,5,-13.5765,166.6224,7.63,24.08,Medium,Urban,Sand,Spring,0
17.37,86.91,1016.22,7.69,0.61,320.02,3.45,5396.75,6.66,44.06,1,33.9469,120.2283,2.35,39.0,Medium,Forest,Clay,Monsoon,0
33.91,68.53,995.28,8.2,2.29,233.57,0.49,11555.59,2.54,11.1,0,-32.5869,-4.5859,0.33,34.08,Medium,Agricultural,Loam,Summer,0
27.87,92.76,1015.63,5.86,5.07,1058.19,0.85,2251.89,6.53,54.32,7,-59.823,158.1009,0.42,41.74,Medium,Urban,Loam,Winter,0
30.47,50.67,1001.94,5.56,1.65,892.02,0.01,4621.24,3.84,319.8,5,63.1626,-38.8909,4.67,13.19,Poor,Forest,Loam,Spring,0
25.23,58.59,1039.24,26.72,0.47,1231.14,0.84,1155.27,2.1,317.69,5,14.3118,-168.0898,6.53,18.55,Medium,Urban,Loam,Winter,0
33.37,46.25,993.88,18.85,1.87,804.66,0.21,2300.36,2.57,33.97,3,-34.1697,-151.0378,3.27,17.1,Medium,Agricultural,Sand,Winter,0
19.63,30.91,995.13,28.71,2.95,963.3,0.34,13103.2,5.69,221.37,6,-17.6467,24.5184,3.44,35.93,Poor,Agricultural,Loam,Winter,0
29.96,54.2,1022.28,4.21,14.44,1829.15,1.59,5561.73,7.0,168.47,1,-10.7168,110.759,5.12,1.92,Poor,Water,Rock,Winter,0
45.09,88.53,1035.32,6.79,2.61,1229.51,2.14,11288.35,5.51,375.4,0,-16.0255,57.8427,3.42,15.3,Medium,Urban,Clay,Summer,1
22.25,63.6,1015.15,47.07,2.18,881.43,0.68,7515.65,1.71,131.04,2,-15.4689,-161.4961,2.09,34.08,Medium,Agricultural,Loam,Winter,0
11.07,39.07,1000.67,9.88,3.57,1355.4,0.54,4922.3,2.69,400.85,5,9.7569,75.9155,5.73,4.43,Medium,Forest,Clay,Spring,0
20.93,30.86,987.49,23.35,0.55,714.66,3.7,11899.28,6.81,457.91,0,66.5219,82.1641,2.4,12.55,Medium,Agricultural,Loam,Winter,1
11.76,34.94,998.91,5.32,4.79,357.0,0.73,9623.65,4.84,435.7,7,30.8008,129.7823,7.72,26.87,Good,Agricultural,Sand,Summer,0
29.55,39.86,1022.32,3.78,2.77,1676.7,4.47,4344.9,5.65,48.13,1,56.7405,-155.7518,0.11,41.86,Medium,Agricultural,Sand,Spring,0
11.39,34.96,1008.19,10.22,0.22,1582.19,2.95,4911.85,4.04,337.92,9,-42.7292,-59.29,6.65,35.64,Good,Forest,Sand,Winter,1
42.07,72.6,1005.47,3.07,4.14,1417.12,1.76,10298.49,2.42,418.1,6,-10.559,-115.029,7.9,1.05,Medium,Urban,Loam,Winter,0
17.58,45.47,973.67,5.54,1.32,1331.85,1.38,11842.1,2.85,257.74,6,4.101,-126.359,6.18,35.68,Poor,Urban,Loam,Monsoon,0
38.0,63.66,1009.39,0.88,0.42,1663.01,1.99,4258.99,6.18,76.51,1,26.6589,56.7364,0.82,2.92,Medium,Urban,Rock,Monsoon,0
39.95,96.05,1049.92,26.5,1.24,1862.2,2.67,381.62,2.3,212.36,1,2.2544,-164.7914,6.44,0.23,Medium,Agricultural,Rock,Spring,1
11.52,77.39,993.04,6.83,2.54,459.11,3.53,3801.0,0.91,286.66,7,17.439,124.6925,5.6,22.25,Medium,Forest,Clay,Monsoon,0
13.23,31.65,1011.07,6.6,2.77,850.3,0.47,14213.35,0.53,446.86,8,15.5911,-81.8441,7.06,17.69,Good,Forest,Sand,Winter,0
20.2,41.35,1007.82,4.14,1.82,76.62,1.13,1677.17,2.16,395.87,9,52.6164,145.3283,2.98,8.34,Medium,Water,Sand,Spring,1
27.48,52.46,994.2,10.45,3.55,666.03,0.49,1307.55,6.37,411.31,0,47.9506,-3.0783,7.75,2.97,Poor,Urban,Sand,Summer,0
23.18,59.32,1026.65,14.32,7.9,168.18,2.44,7290.32,1.5,139.71,0,-42.034,128.6738,1.02,1.05,Medium,Agricultural,Clay,Spring,1
6.44,88.51,1002.06,11.45,0.78,1974.31,2.94,10831.54,2.12,453.53,9,-32.4722,146.7236,2.38,29.47,Good,Forest,Clay,Summer,1
23.95,31.48,977.93,14.51,1.1,1733.22,0.05,8028.76,6.32,126.59,2,25.5644,-170.6759,1.45,27.6,Medium,Agricultural,Clay,Summer,1
30.3,53.15,1006.96,7.58,0.17,1969.8,3.49,9552.57,0.96,46.69,9,49.0247,-78.7043,4.98,26.92,Medium,Agricultural,Sand,Winter,0
15.85,35.85,984.22,10.26,4.02,80.69,2.79,12456.34,7.3,277.41,0,-31.9001,-143.2072,0.18,13.4,Good,Urban,Clay,Winter,0
26.69,34.33,994.88,8.4,5.29,295.15,1.34,14461.81,6.77,364.45,2,20.9211,-158.3907,0.89,42.71,Poor,Agricultural,Sand,Spring,0
25.99,60.82,1027.72,2.88,0.72,805.26,5.11,825.8,7.93,111.83,0,2.8622,60.0145,0.36,26.32,Medium,Urban,Loam,Spring,0
23.71,85.38,993.47,1.54,13.73,1777.01,1.07,189.03,6.42,441.64,4,-27.1106,-118.7294,5.43,32.83,Medium,Urban,Clay,Spring,1
12.26,92.57,1003.25,11.68,6.81,807.22,1.83,7561.89,1.76,33.45,0,-53.9941,-11.3026,0.33,7.82,Medium,Urban,Clay,Summer,0
18.45,92.13,1018.3,24.94,1.96,1232.04,1.36,14136.15,4.32,480.38,0,58.2113,24.3902,1.81,25.13,Medium,Agricultural,Clay,Winter,1
32.6,74.45,1024.1,10.25,6.54,104.47,0.96,14447.76,2.43,275.71,5,-42.9821,108.2368,3.25,5.29,Medium,Urban,Loam,Monsoon,0
11.04,76.46,1009.12,4.64,1.24,817.26,2.88,7189.32,2.75,417.62,6,20.1941,-24.4974,4.27,38.29,Good,Urban,Sand,Monsoon,0
33.02,59.84,1015.14,3.81,18.21,1334.36,1.11,13185.03,5.62,322.59,3,-43.9723,-99.3457,5.62,34.75,Medium,Agricultural,Loam,Winter,1
24.05,67.56,1000.39,2.65,3.64,1771.91,4.03,14103.58,4.13,211.18,4,33.5898,-78.8458,3.33,1.89,Poor,Urban,Rock,Summer,0
24.63,35.5,1025.71,8.03,0.46,190.18,3.81,4412.38,5.59,259.37,1,-14.8624,8.221,4.14,3.1,Poor,Agricultural,Clay,Summer,0
33.2,74.25,1009.17,31.82,1.67,1877.58,1.87,11203.17,7.27,280.09,3,29.0269,-111.4814,0.17,22.32,Medium,Forest,Loam,Winter,0
27.25,32.6,1023.99,15.67,3.41,1890.92,0.78,8909.08,7.67,142.87,2,-15.8347,146.7197,3.61,11.88,Medium,Agricultural,Loam,Summer,0
25.15,61.26,1012.35,5.2,0.79,314.64,3.2,12452.36,4.7,154.61,5,-20.7499,-143.1758,4.14,21.46,Medium,Forest,Loam,Spring,0
19.95,39.44,1006.22,2.5,5.74,487.92,1.85,3922.19,3.24,445.96,7,-59.1505,147.206,0.82,26.87,Medium,Urban,Sand,Winter,0
27.18,70.48,1005.49,8.81,7.56,445.69,1.51,4858.35,1.21,61.49,3,41.3989,-8.4518,5.79,30.04,Medium,Water,Loam,Monsoon,0
30.57,54.95,1017.73,5.58,2.39,1530.39,4.06,5426.79,1.57,252.11,3,-24.7197,152.1644,1.63,20.34,Medium,Forest,Clay,Monsoon,0
49.1,71.46,1039.02,17.35,1.78,512.32,3.18,10808.91,2.19,10.41,8,24.3576,-48.9664,4.5,29.83,Poor,Agricultural,Clay,Winter,1
33.9,75.18,978.45,12.27,8.64,319.51,5.77,6221.53,6.95,118.04,8,-16.4088,38.3179,5.56,40.38,Medium,Urban,Sand,Monsoon,0
16.8,39.77,1005.37,16.75,5.3,1456.06,1.34,6914.06,2.08,92.49,8,-32.1275,-58.4428,6.57,28.18,Medium,Forest,Sand,Winter,0
23.21,39.31,999.61,3.28,15.96,1410.53,0.02,5000.03,3.79,305.23,3,-43.0663,6.9119,0.56,23.2,Poor,Urban,Clay,Spring,1
21.78,62.92,1028.33,7.34,0.98,883.57,3.83,1299.85,7.42,436.85,1,48.2103,-55.4137,4.43,11.76,Medium,Forest,Sand,Winter,0
21.8,42.23,1033.27,6.08,3.45,956.77,3.3,8513.72,7.16,261.95,8,57.8915,-20.1399,6.97,20.95,Good,Agricultural,Clay,Winter,1
26.76,76.72,1028.6,1.16,0.34,1936.68,0.82,12681.13,5.78,306.03,4,69.7705,132.8072,7.8,40.42,Medium,Urban,Rock,Winter,0
18.79,96.73,1012.61,8.5,1.41,584.8,7.89,9272.65,3.66,254.92,3,27.592,-0.7745,6.47,18.24,Medium,Forest,Loam,Summer,0
20.43,91.96,990.16,15.4,2.34,264.79,1.09,11598.66,0.83,375.22,8,-0.7001,-95.7232,1.26,8.02,Good,Urban,Loam,Monsoon,1
23.16,80.62,1047.49,17.54,1.95,968.97,0.6,3102.55,0.5,482.18,5,19.8077,25.2238,1.96,25.77,Poor,Agricultural,Sand,Winter,0
18.71,50.16,1045.03,5.93,0.38,783.97,0.76,12022.82,1.81,380.6,5,24.6544,-175.0019,0.04,21.46,Medium,Agricultural,Clay,Summer,1
23.24,54.49,1031.98,1.32,0.18,594.93,5.64,14383.34,6.59,181.9,9,-32.9811,119.8784,4.02,1.97,Medium,Urban,Sand,Summer,0
29.81,73.63,1008.93,7.02,1.06,1115.71,5.29,8538.01,1.74,498.59,8,45.5076,-24.6387,5.15,18.99,Medium,Urban,Loam,Monsoon,0
31.02,96.02,983.44,1.42,8.03,1085.98,1.49,14429.09,5.04,416.95,5,-14.0826,56.357,3.61,12.88,Poor,Forest,Loam,Monsoon,0
27.32,31.52,1000.64,4.95,2.7,233.26,0.02,1160.31,3.85,127.77,6,36.478,-31.6795,2.05,23.8,Medium,Forest,Loam,Spring,0
27.72,61.52,1058.49,36.29,14.24,1222.91,1.16,11355.19,4.35,497.83,8,34.9344,123.2529,0.55,18.09,Good,Water,Sand,Spring,0
24.52,66.49,1012.7,1.29,5.69,995.1,2.8,4436.93,6.72,328.9,9,-42.1421,62.8839,1.8,24.91,Poor,Urban,Loam,Summer,0
29.0,77.86,1025.71,24.22,3.36,256.11,0.13,4844.77,1.15,272.4,6,23.5081,-128.5724,1.84,4.43,Good,Water,Clay,Summer,0
44.05,82.33,973.61,2.36,19.35,1561.77,0.35,1754.94,7.51,345.66,7,21.4019,7.8883,1.62,6.47,Medium,Forest,Sand,Winter,0
28.92,43.3,1010.78,3.48,1.06,40.99,0.63,792.36,1.66,187.71,2,-6.5162,174.4798,6.02,35.8,Medium,Agricultural,Clay,Winter,1
31.11,82.29,991.41,3.64,3.22,195.08,0.38,1017.4,4.7,316.38,0,-49.4923,-72.1576,0.52,19.71,Poor,Urban,Clay,Summer,0
24.07,88.57,954.9,7.74,1.3,1471.79,0.71,11370.31,3.4,261.7,9,62.0122,22.3159,7.65,6.91,Good,Forest,Loam,Monsoon,0
41.05,73.04,1007.96,5.23,8.6,384.9,0.37,11072.93,5.28,165.65,4,15.5812,116.8797,6.17,9.76,Medium,Forest,Clay,Winter,0
16.8,76.23,1010.65,8.51,12.6,559.62,0.07,3895.62,3.71,86.17,1,39.8411,-173.2717,1.82,10.62,Medium,Forest,Rock,Winter,0
19.3,44.3,962.81,1.05,4.32,1610.99,0.61,6352.83,4.66,454.87,3,-16.1248,-4.1922,3.25,31.88,Medium,Urban,Sand,Monsoon,1
32.25,41.43,1024.76,13.22,5.2,821.76,0.36,14327.69,3.98,99.99,0,44.3433,4.6705,3.18,20.24,Poor,Forest,Loam,Monsoon,0
22.12,81.35,998.99,21.22,0.24,84.46,2.06,8265.89,1.67,278.66,2,-10.9332,-3.044,1.41,23.23,Poor,Urban,Rock,Summer,0
24.6,83.44,1008.99,7.25,5.35,1113.1,0.22,5048.95,5.71,278.49,8,49.3429,68.6499,1.35,36.15,Medium,Forest,Loam,Monsoon,0
18.77,88.88,1000.64,11.39,3.0,1652.11,2.52,13712.54,1.08,259.49,0,21.1717,13.7175,7.09,4.88,Medium,Urban,Clay,Spring,0
17.88,79.46,984.35,0.77,3.33,997.29,1.91,4727.16,2.45,247.1,0,39.8998,72.4692,5.16,22.33,Poor,Agricultural,Loam,Monsoon,0
28.67,93.43,1040.21,9.17,3.68,712.52,4.29,1928.63,4.05,273.33,2,7.5595,-77.2562,5.77,42.93,Good,Agricultural,Loam,Spring,1
39.42,38.9,963.4,0.61,1.22,126.2,0.12,6718.08,6.58,335.35,2,1.6117,43.7649,3.62,14.99,Good,Forest,Sand,Summer,0
17.01,69.4,977.29,3.48,1.17,280.78,0.87,820.31,4.88,96.2,9,-55.2698,70.8264,4.68,27.38,Poor,Water,Sand,Summer,0
24.77,60.43,1027.58,8.34,13.35,616.68,0.4,8972.81,4.19,40.36,2,42.4256,-161.5367,7.22,23.76,Poor,Urban,Rock,Spring,0
27.47,32.82,1020.91,0.22,3.82,1994.35,4.22,4719.38,3.4,200.07,6,41.7723,162.7387,4.93,0.39,Medium,Agricultural,Sand,Spring,0
26.16,70.83,1002.57,2.35,15.69,1826.97,0.66,9917.08,6.91,186.3,2,28.2693,-3.8785,6.07,0.25,Medium,Urban,Clay,Summer,0
40.07,61.75,999.33,15.91,5.1,379.19,0.65,1280.81,7.59,444.41,2,-47.7063,92.9355,5.78,24.59,Poor,Urban,Clay,Monsoon,0
29.68,73.19,1009.2,4.94,10.91,1159.26,1.21,271.37,5.88,47.9,7,-17.6927,133.6502,7.01,30.73,Medium,Agricultural,Sand,Monsoon,0
34.56,96.29,973.38,9.17,0.8,13.99,3.81,5528.45,2.86,402.36,9,-13.4759,-52.4496,2.85,9.01,Medium,Urban,Loam,Monsoon,0
25.49,94.32,989.52,1.32,6.99,1198.76,1.78,14026.39,7.67,129.48,4,26.5308,164.148,4.97,18.4,Medium,Water,Loam,Summer,0
13.7,69.37,1050.0,12.15,9.13,608.66,0.03,8313.15,4.17,36.56,1,-1.9615,40.209,2.38,4.54,Good,Agricultural,Loam,Summer,0
25.83,75.03,1003.78,3.5,24.41,582.37,0.49,7313.77,2.92,462.77,8,54.7631,116.805,2.95,6.5,Poor,Forest,Clay,Spring,1
30.43,61.36,1017.86,23.18,11.87,1219.19,1.22,11091.19,7.37,343.22,7,27.3348,-130.3756,4.33,5.51,Medium,Urban,Loam,Summer,0
18.4,42.49,1010.74,9.1,4.48,86.65,1.17,8000.26,2.51,437.3,5,30.2701,-34.5045,3.77,18.14,Poor,Agricultural,Sand,Winter,0
28.92,78.31,1017.05,19.32,4.71,1858.35,1.46,11074.87,7.38,216.97,2,8.7545,-119.9199,4.06,35.53,Medium,Water,Loam,Monsoon,0
26.33,56.31,996.32,1.5,1.13,1562.32,0.35,4755.04,2.64,33.83,1,-45.3683,79.2672,6.13,1.0,Medium,Agricultural,Clay,Winter,0
18.66,44.35,1017.29,14.84,1.27,185.06,1.82,8264.25,5.06,312.97,5,0.9684,-131.7313,2.51,34.4,Medium,Urban,Clay,Spring,0
19.41,44.66,1013.43,25.74,0.43,581.58,2.59,13276.44,0.85,100.87,7,-25.0744,-131.9668,2.31,10.9,Poor,Agricultural,Clay,Summer,0
33.29,35.64,990.94,23.79,0.64,1464.12,0.69,4916.64,1.56,326.71,6,48.671,-20.9357,7.47,14.0,Medium,Urban,Sand,Summer,1
21.58,98.34,998.26,33.72,8.79,465.01,1.17,6652.76,3.4,31.99,0,29.8699,-53.0147,0.58,36.09,Medium,Urban,Clay,Summer,1
27.46,44.03,984.7,3.36,1.34,1290.01,1.5,10847.36,2.15,14.48,7,20.1728,131.1865,7.86,16.25,Poor,Agricultural,Clay,Monsoon,1
27.01,32.27,1030.06,13.91,0.88,1886.04,1.14,9265.22,2.61,242.79,6,34.7685,-13.8499,5.68,6.9,Poor,Urban,Clay,Summer,0
25.04,86.5,1039.19,3.1,4.11,785.84,0.38,1181.94,4.69,57.84,6,36.2526,-167.3307,2.67,28.72,Medium,Agricultural,Loam,Monsoon,0
19.06,63.71,1044.27,9.27,21.32,134.33,0.23,12456.77,0.65,230.72,7,3.529,94.6822,0.3,22.88,Good,Urban,Sand,Summer,1
26.22,93.98,1046.7,10.51,1.19,329.62,0.93,5269.21,3.55,99.96,4,25.5885,-166.6558,1.99,29.78,Good,Urban,Rock,Monsoon,0
24.06,81.25,973.91,10.82,1.88,1083.99,2.1,7754.88,5.67,247.76,8,34.0077,-173.9165,1.54,16.1,Medium,Agricultural,Sand,Spring,0
22.17,79.51,993.36,16.98,9.92,1060.83,1.29,12739.93,4.72,293.54,3,-50.0403,61.3399,3.72,12.51,Good,Urban,Clay,Spring,0
17.53,74.38,987.23,1.22,0.3,1861.16,3.21,4245.51,5.29,300.32,1,25.9082,108.7347,6.87,16.1,Medium,Water,Sand,Winter,0
22.33,87.26,1013.79,18.71,2.55,458.16,7.65,8319.19,4.37,473.58,7,32.0131,34.9676,1.73,32.25,Medium,Agricultural,Sand,Winter,0
22.3,72.58,994.7,0.23,10.21,1220.62,0.7,4736.96,3.99,131.56,2,-33.3139,-107.0071,5.43,16.02,Medium,Urban,Sand,Spring,0
12.94,39.01,1042.28,2.38,3.2,1944.16,0.63,2948.74,2.16,356.99,0,26.5959,107.1078,4.14,25.76,Medium,Agricultural,Sand,Summer,0
40.39,35.85,1021.94,26.54,3.67,1290.91,0.39,4040.08,1.41,139.36,7,-41.2235,83.9817,0.9,37.47,Poor,Urban,Loam,Monsoon,0
9.27,33.52,986.69,22.48,0.76,670.91,1.09,12170.58,3.2,270.42,4,-52.7368,-163.7927,6.22,21.11,Poor,Water,Sand,Winter,0
29.49,46.13,1015.64,6.07,10.0,1103.52,0.57,3212.85,6.15,16.27,5,18.6172,28.228,0.15,28.39,Medium,Agricultural,Loam,Winter,0
28.41,64.58,995.01,13.95,1.06,733.93,4.39,14042.15,7.41,410.97,8,64.0117,-171.0762,7.31,32.14,Good,Forest,Clay,Spring,1
27.99,38.23,1013.09,5.32,2.02,1032.27,2.01,9958.28,0.51,53.59,1,-5.5183,-107.818,0.71,2.71,Medium,Forest,Sand,Summer,0
19.82,76.56,1011.07,6.93,1.62,580.83,1.21,12431.13,3.67,421.39,1,-51.9074,-131.7531,7.45,0.93,Poor,Forest,Loam,Winter,0
33.18,57.52,1041.45,12.77,4.48,1519.88,0.43,5468.04,5.53,71.15,6,68.9574,133.1529,1.86,2.69,Medium,Agricultural,Loam,Winter,0
23.13,74.44,981.97,38.37,5.74,1795.27,3.74,8772.74,7.2,194.94,6,-44.618,126.855,5.8,12.69,Medium,Urban,Clay,Winter,0
20.52,78.9,970.02,17.12,0.53,1797.35,5.39,3963.12,4.23,430.36,6,39.7671,59.6223,3.86,27.83,Medium,Urban,Loam,Spring,0
26.31,48.34,985.9,7.05,7.51,867.99,0.49,3422.43,7.3,392.64,7,24.8825,18.5411,7.54,5.07,Poor,Urban,Loam,Summer,0
21.51,88.28,1017.03,0.42,1.52,1526.13,4.86,11429.12,2.2,493.0,3,64.869,169.691,7.47,17.49,Poor,Agricultural,Clay,Spring,0
28.18,61.45,992.34,15.65,2.02,1937.25,0.1,1037.75,5.76,444.89,4,55.5943,72.5055,2.76,30.11,Medium,Agricultural,Sand,Spring,0
14.23,49.31,1034.48,6.93,1.16,1756.48,3.11,4693.89,0.87,35.42,8,-46.2936,-76.7632,6.96,15.86,Poor,Forest,Rock,Summer,0
27.21,55.35,1029.62,46.93,1.04,1046.51,3.19,109.67,5.77,140.58,1,55.9516,-103.0484,2.19,43.51,Poor,Urban,Loam,Winter,0
29.61,39.96,1042.21,0.77,4.53,1078.13,3.74,4906.83,0.8,217.62,8,-5.9346,-104.1324,6.82,8.75,Medium,Forest,Sand,Summer,0
29.8,54.38,1035.64,25.15,0.97,620.58,0.94,9752.16,7.6,300.79,7,1.4164,-90.0008,7.24,20.99,Medium,Urban,Loam,Winter,0
33.04,81.09,1021.86,7.54,3.68,214.01,1.14,7884.5,4.02,390.25,5,-48.7804,45.7196,6.18,22.73,Medium,Urban,Clay,Spring,0
27.77,79.86,986.22,19.38,5.21,1378.02,1.88,14783.74,2.46,140.47,8,-10.3463,-13.4657,2.57,33.45,Medium,Water,Clay,Summer,1
40.12,63.74,1006.49,17.99,4.03,771.53,3.05,6526.73,4.37,497.39,2,-56.2944,177.6924,7.26,12.92,Medium,Agricultural,Sand,Monsoon,0
11.39,96.58,1013.4,0.63,1.61,1786.22,1.31,9041.25,5.39,44.75,8,-54.6332,40.0571,4.02,8.36,Medium,Forest,Loam,Monsoon,0
17.13,48.28,996.77,0.31,11.54,1998.37,3.39,6247.68,3.15,389.59,1,44.6414,-27.2704,7.43,6.76,Poor,Forest,Clay,Spring,0
32.29,95.38,1021.09,1.55,5.99,214.7,0.87,11005.7,3.09,163.55,8,-49.8286,-102.7946,2.08,3.3,Medium,Agricultural,Loam,Winter,0
24.63,37.8,1009.33,15.03,0.64,211.84,0.06,14336.99,6.39,173.32,8,40.9626,-103.8124,5.44,1.08,Medium,Urban,Clay,Spring,0
11.87,85.14,1037.87,9.84,4.84,974.09,0.02,3951.09,1.32,334.58,2,23.5679,-87.5485,6.67,39.16,Poor,Urban,Sand,Winter,0
41.07,47.2,1013.11,34.77,2.15,1864.71,1.82,160.78,2.83,20.56,2,20.6172,13.8787,7.46,35.06,Medium,Urban,Clay,Spring,1
13.45,98.2,1014.95,0.8,0.5,1365.2,2.81,14589.53,4.48,91.31,5,53.3153,-152.0733,7.84,41.56,Good,Water,Loam,Winter,0
30.39,92.26,980.36,6.86,4.46,1062.93,0.66,9690.58,4.32,123.95,9,68.0821,-121.895,2.44,43.11,Medium,Forest,Sand,Winter,0
18.74,60.4,1030.95,6.68,1.78,189.64,0.27,2792.0,2.03,128.71,5,-19.8457,146.6267,3.65,22.93,Medium,Agricultural,Rock,Spring,0
9.48,30.62,995.2,16.93,0.59,1990.96,2.97,8742.15,1.66,262.54,2,38.7615,124.7877,7.74,7.27,Good,Urban,Clay,Spring,0
27.3,40.01,1005.44,17.09,0.57,961.23,0.97,9063.0,4.39,303.33,4,-20.964,48.756,5.11,37.28,Poor,Water,Clay,Summer,1
22.27,60.86,1018.23,3.56,1.87,1557.58,0.01,11261.35,6.58,451.67,3,-43.6984,80.7263,2.83,24.76,Medium,Urban,Clay,Monsoon,1
19.37,57.81,1020.49,24.69,5.03,294.3,2.58,5367.43,4.17,213.37,8,36.7909,73.7218,1.74,17.48,Poor,Urban,Clay,Monsoon,0
24.73,94.88,1008.62,25.69,2.33,898.36,0.56,1117.79,5.7,402.03,2,57.3774,169.1729,2.93,10.94,Medium,Urban,Clay,Monsoon,0
23.71,79.0,997.14,31.39,0.9,255.47,1.28,14524.67,7.79,121.68,1,-15.5014,162.5399,5.15,2.9,Poor,Urban,Rock,Spring,0
24.87,36.05,1021.14,14.81,6.17,1159.23,4.38,13682.39,5.62,64.93,5,-18.2825,135.2536,5.4,41.68,Medium,Urban,Sand,Summer,0
10.84,88.98,1007.95,66.84,5.22,500.92,0.55,959.83,1.08,458.34,4,-42.0945,157.6104,2.32,39.89,Good,Agricultural,Sand,Winter,0
34.6,46.26,976.92,3.19,12.59,1587.85,1.44,6306.85,6.56,289.61,5,69.4654,101.1374,6.09,34.29,Poor,Urban,Sand,Spring,0
30.44,71.25,1013.82,7.4,0.37,298.69,3.79,14861.07,3.61,406.94,8,30.1559,21.4985,5.46,32.83,Good,Forest,Clay,Spring,1
11.86,92.67,1002.56,20.19,9.1,1734.56,0.71,6449.15,2.84,52.18,2,12.2154,-93.9759,7.68,44.83,Good,Water,Loam,Monsoon,1
23.57,52.97,1033.49,10.33,8.23,1463.37,1.91,3549.51,2.47,364.79,6,-33.3605,21.964,0.35,3.94,Good,Agricultural,Clay,Winter,0
18.2,57.68,1020.36,21.55,2.77,254.23,0.75,3400.64,5.65,456.4,1,53.9529,-43.819,5.43,27.63,Good,Urban,Clay,Summer,1
25.54,51.52,1003.58,21.82,3.81,1175.79,5.82,11486.15,3.79,243.67,1,-8.4665,-165.2916,4.44,0.28,Medium,Agricultural,Loam,Monsoon,0
21.46,81.61,1008.29,9.46,13.93,1978.45,3.76,14785.77,5.36,55.06,7,12.6623,37.813,2.46,14.18,Medium,Agricultural,Sand,Summer,1
34.01,86.72,1020.88,26.86,2.44,1109.7,0.21,14483.2,7.89,396.65,0,16.9546,-96.3909,4.76,4.86,Medium,Agricultural,Loam,Monsoon,0
25.9,93.55,1030.87,7.87,0.55,1658.91,0.28,4807.81,3.35,405.57,3,62.5453,64.6698,5.43,21.66,Good,Urban,Clay,Spring,1
26.04,84.65,1045.12,8.06,0.02,1003.09,1.83,4059.65,2.02,144.17,1,-57.5892,-125.1814,5.26,29.2,Good,Water,Loam,Monsoon,0
11.41,83.77,994.45,0.29,10.83,881.81,1.4,9550.74,2.56,302.72,6,25.9265,-97.0725,6.89,12.16,Medium,Agricultural,Clay,Winter,0
31.22,83.92,1034.25,52.2,7.35,703.2,1.9,5120.15,7.78,451.07,6,28.0016,154.1464,2.38,12.34,Poor,Water,Loam,Monsoon,0
21.85,90.37,990.32,1.94,2.66,332.23,2.09,3650.96,3.36,250.66,7,54.3741,-6.7174,5.44,5.01,Medium,Agricultural,Clay,Winter,0
5.69,84.94,1021.81,12.74,5.26,1930.7,1.74,3800.8,0.69,232.2,2,-10.1116,-95.2829,6.12,3.08,Medium,Urban,Sand,Winter,0
20.77,70.04,1046.26,11.7,10.39,1777.15,5.35,12179.6,1.6,376.34,0,6.1908,55.8334,7.02,41.62,Poor,Forest,Sand,Winter,0
38.0,32.08,996.76,2.69,10.92,259.56,0.11,8750.73,7.6,418.97,3,-11.4444,111.3128,7.2,30.8,Medium,Water,Loam,Winter,0
22.41,53.4,992.21,14.69,0.96,1054.93,1.98,5838.97,2.0,448.88,3,18.6905,83.0324,2.43,34.05,Good,Agricultural,Sand,Summer,0
27.87,65.96,1040.2,11.77,2.41,1787.41,0.48,13271.66,5.33,304.32,6,-35.2828,14.1319,0.28,12.03,Medium,Urban,Loam,Monsoon,1
24.87,63.7,987.48,5.28,3.77,464.39,0.24,8599.88,7.49,77.5,2,64.6165,-169.7446,7.58,21.55,Poor,Urban,Clay,Summer,0
25.72,51.66,998.88,0.74,7.0,1306.86,3.15,14094.59,4.89,395.49,4,-7.4673,-126.5385,3.6,27.92,Poor,Agricultural,Clay,Winter,1
